"vol","date","hand","1","2","3","4","5","cont2","cont3","cont4"
6,"1991-11-24","グー","グー","チョキ","パー","チョキ","グー",FALSE,FALSE,FALSE
7,"1991-12-01","パー","グー","グー","チョキ","パー","チョキ",TRUE,FALSE,FALSE
8,"1991-12-08","チョキ","パー","グー","グー","チョキ","パー",TRUE,FALSE,FALSE
9,"1991-12-15","グー","チョキ","パー","グー","グー","チョキ",TRUE,FALSE,FALSE
10,"1991-12-22","パー","グー","チョキ","パー","グー","グー",TRUE,FALSE,FALSE
11,"1991-12-29","グー","パー","グー","チョキ","パー","グー",FALSE,FALSE,FALSE
12,"1992-01-05","チョキ","グー","パー","グー","チョキ","パー",FALSE,FALSE,FALSE
13,"1992-01-12","パー","チョキ","グー","パー","グー","チョキ",FALSE,FALSE,FALSE
14,"1992-01-19","グー","パー","チョキ","グー","パー","グー",FALSE,FALSE,FALSE
15,"1992-01-26","チョキ","グー","パー","チョキ","グー","パー",FALSE,FALSE,FALSE
16,"1992-02-02","チョキ","チョキ","グー","パー","チョキ","グー",FALSE,FALSE,FALSE
17,"1992-02-09","パー","チョキ","チョキ","グー","パー","チョキ",TRUE,FALSE,FALSE
18,"1992-02-16","グー","パー","チョキ","チョキ","グー","パー",TRUE,FALSE,FALSE
19,"1992-02-23","チョキ","グー","パー","チョキ","チョキ","グー",TRUE,FALSE,FALSE
20,"1992-03-01","パー","チョキ","グー","パー","チョキ","チョキ",TRUE,FALSE,FALSE
21,"1992-03-08","グー","パー","チョキ","グー","パー","チョキ",FALSE,FALSE,FALSE
22,"1992-03-15","チョキ","グー","パー","チョキ","グー","パー",FALSE,FALSE,FALSE
23,"1992-03-22","パー","チョキ","グー","パー","チョキ","グー",FALSE,FALSE,FALSE
24,"1992-03-29","グー","パー","チョキ","グー","パー","チョキ",FALSE,FALSE,FALSE
25,"1992-04-05","グー","グー","パー","チョキ","グー","パー",FALSE,FALSE,FALSE
26,"1992-04-12","チョキ","グー","グー","パー","チョキ","グー",TRUE,FALSE,FALSE
27,"1992-04-19","パー","チョキ","グー","グー","パー","チョキ",TRUE,FALSE,FALSE
28,"1992-04-26","グー","パー","チョキ","グー","グー","パー",TRUE,FALSE,FALSE
29,"1992-05-03","パー","グー","パー","チョキ","グー","グー",TRUE,FALSE,FALSE
30,"1992-05-10","チョキ","パー","グー","パー","チョキ","グー",FALSE,FALSE,FALSE
31,"1992-05-17","グー","チョキ","パー","グー","パー","チョキ",FALSE,FALSE,FALSE
32,"1992-05-24","チョキ","グー","チョキ","パー","グー","パー",FALSE,FALSE,FALSE
33,"1992-05-31","パー","チョキ","グー","チョキ","パー","グー",FALSE,FALSE,FALSE
34,"1992-06-07","グー","パー","チョキ","グー","チョキ","パー",FALSE,FALSE,FALSE
35,"1992-06-14","グー","グー","パー","チョキ","グー","チョキ",FALSE,FALSE,FALSE
36,"1992-06-21","パー","グー","グー","パー","チョキ","グー",TRUE,FALSE,FALSE
37,"1992-06-28","パー","パー","グー","グー","パー","チョキ",TRUE,FALSE,FALSE
38,"1992-07-05","グー","パー","パー","グー","グー","パー",TRUE,FALSE,FALSE
39,"1992-07-12","チョキ","グー","パー","パー","グー","グー",TRUE,FALSE,FALSE
40,"1992-07-19","パー","チョキ","グー","パー","パー","グー",TRUE,FALSE,FALSE
41,"1992-07-26","グー","パー","チョキ","グー","パー","パー",TRUE,FALSE,FALSE
42,"1992-08-02","チョキ","グー","パー","チョキ","グー","パー",FALSE,FALSE,FALSE
43,"1992-08-09","グー","チョキ","グー","パー","チョキ","グー",FALSE,FALSE,FALSE
44,"1992-08-16","パー","グー","チョキ","グー","パー","チョキ",FALSE,FALSE,FALSE
45,"1992-08-23","パー","パー","グー","チョキ","グー","パー",FALSE,FALSE,FALSE
46,"1992-08-30","チョキ","パー","パー","グー","チョキ","グー",TRUE,FALSE,FALSE
47,"1992-09-06","チョキ","チョキ","パー","パー","グー","チョキ",TRUE,FALSE,FALSE
48,"1992-09-13","グー","チョキ","チョキ","パー","パー","グー",TRUE,FALSE,FALSE
49,"1992-09-20","パー","グー","チョキ","チョキ","パー","パー",TRUE,FALSE,FALSE
50,"1992-09-27","チョキ","パー","グー","チョキ","チョキ","パー",TRUE,FALSE,FALSE
51,"1992-10-04","グー","チョキ","パー","グー","チョキ","チョキ",TRUE,FALSE,FALSE
52,"1992-10-11","チョキ","グー","チョキ","パー","グー","チョキ",FALSE,FALSE,FALSE
53,"1992-10-18","チョキ","チョキ","グー","チョキ","パー","グー",FALSE,FALSE,FALSE
54,"1992-10-25","パー","チョキ","チョキ","グー","チョキ","パー",TRUE,FALSE,FALSE
55,"1992-11-01","グー","パー","チョキ","チョキ","グー","チョキ",TRUE,FALSE,FALSE
56,"1992-11-08","パー","グー","パー","チョキ","チョキ","グー",TRUE,FALSE,FALSE
57,"1992-11-15","パー","パー","グー","パー","チョキ","チョキ",TRUE,FALSE,FALSE
58,"1992-11-22","チョキ","パー","パー","グー","パー","チョキ",TRUE,FALSE,FALSE
59,"1992-11-29","グー","チョキ","パー","パー","グー","パー",TRUE,FALSE,FALSE
60,"1992-12-06","パー","グー","チョキ","パー","パー","グー",TRUE,FALSE,FALSE
61,"1992-12-13","グー","パー","グー","チョキ","パー","パー",TRUE,FALSE,FALSE
62,"1992-12-20","チョキ","グー","パー","グー","チョキ","パー",FALSE,FALSE,FALSE
63,"1992-12-27","グー","チョキ","グー","パー","グー","チョキ",FALSE,FALSE,FALSE
64,"1993-01-03","パー","グー","チョキ","グー","パー","グー",FALSE,FALSE,FALSE
65,"1993-01-10","パー","パー","グー","チョキ","グー","パー",FALSE,FALSE,FALSE
66,"1993-01-17","グー","パー","パー","グー","チョキ","グー",TRUE,FALSE,FALSE
67,"1993-01-24","チョキ","グー","パー","パー","グー","チョキ",TRUE,FALSE,FALSE
68,"1993-01-31","グー","チョキ","グー","パー","パー","グー",TRUE,FALSE,FALSE
69,"1993-02-07","チョキ","グー","チョキ","グー","パー","パー",TRUE,FALSE,FALSE
70,"1993-02-14","グー","チョキ","グー","チョキ","グー","パー",FALSE,FALSE,FALSE
71,"1993-02-21","パー","グー","チョキ","グー","チョキ","グー",FALSE,FALSE,FALSE
72,"1993-02-28","グー","パー","グー","チョキ","グー","チョキ",FALSE,FALSE,FALSE
73,"1993-03-07","グー","グー","パー","グー","チョキ","グー",FALSE,FALSE,FALSE
74,"1993-03-14","チョキ","グー","グー","パー","グー","チョキ",TRUE,FALSE,FALSE
75,"1993-03-21","パー","チョキ","グー","グー","パー","グー",TRUE,FALSE,FALSE
76,"1993-03-28","チョキ","パー","チョキ","グー","グー","パー",TRUE,FALSE,FALSE
77,"1993-04-04","パー","チョキ","パー","チョキ","グー","グー",TRUE,FALSE,FALSE
78,"1993-04-11","パー","パー","チョキ","パー","チョキ","グー",FALSE,FALSE,FALSE
79,"1993-04-18","グー","パー","パー","チョキ","パー","チョキ",TRUE,FALSE,FALSE
80,"1993-04-25","チョキ","グー","パー","パー","チョキ","パー",TRUE,FALSE,FALSE
81,"1993-05-02","グー","チョキ","グー","パー","パー","チョキ",TRUE,FALSE,FALSE
82,"1993-05-09","チョキ","グー","チョキ","グー","パー","パー",TRUE,FALSE,FALSE
83,"1993-05-16","チョキ","チョキ","グー","チョキ","グー","パー",FALSE,FALSE,FALSE
84,"1993-05-23","パー","チョキ","チョキ","グー","チョキ","グー",TRUE,FALSE,FALSE
85,"1993-05-30","パー","パー","チョキ","チョキ","グー","チョキ",TRUE,FALSE,FALSE
86,"1993-06-06","チョキ","パー","パー","チョキ","チョキ","グー",TRUE,FALSE,FALSE
87,"1993-06-13","グー","チョキ","パー","パー","チョキ","チョキ",TRUE,FALSE,FALSE
88,"1993-06-20","グー","グー","チョキ","パー","パー","チョキ",TRUE,FALSE,FALSE
89,"1993-06-27","グー","グー","グー","チョキ","パー","パー",TRUE,FALSE,FALSE
90,"1993-07-04","グー","グー","グー","グー","チョキ","パー",TRUE,TRUE,FALSE
91,"1993-07-11","チョキ","グー","グー","グー","グー","チョキ",TRUE,TRUE,TRUE
92,"1993-07-18","パー","チョキ","グー","グー","グー","グー",TRUE,TRUE,TRUE
94,"1993-08-01","グー","パー","チョキ","グー","グー","グー",TRUE,TRUE,FALSE
95,"1993-08-08","チョキ","グー","パー","チョキ","グー","グー",TRUE,FALSE,FALSE
96,"1993-08-15","グー","チョキ","グー","パー","チョキ","グー",FALSE,FALSE,FALSE
97,"1993-08-22","パー","グー","チョキ","グー","パー","チョキ",FALSE,FALSE,FALSE
98,"1993-08-29","チョキ","パー","グー","チョキ","グー","パー",FALSE,FALSE,FALSE
99,"1993-09-05","チョキ","チョキ","パー","グー","チョキ","グー",FALSE,FALSE,FALSE
100,"1993-09-12","パー","チョキ","チョキ","パー","グー","チョキ",TRUE,FALSE,FALSE
101,"1993-09-19","グー","パー","チョキ","チョキ","パー","グー",TRUE,FALSE,FALSE
102,"1993-09-26","グー","グー","パー","チョキ","チョキ","パー",TRUE,FALSE,FALSE
103,"1993-10-03","チョキ","グー","グー","パー","チョキ","チョキ",TRUE,FALSE,FALSE
104,"1993-10-10","パー","チョキ","グー","グー","パー","チョキ",TRUE,FALSE,FALSE
105,"1993-10-17","グー","パー","チョキ","グー","グー","パー",TRUE,FALSE,FALSE
106,"1993-10-24","グー","グー","パー","チョキ","グー","グー",TRUE,FALSE,FALSE
107,"1993-10-31","パー","グー","グー","パー","チョキ","グー",TRUE,FALSE,FALSE
108,"1993-11-07","チョキ","パー","グー","グー","パー","チョキ",TRUE,FALSE,FALSE
109,"1993-11-14","チョキ","チョキ","パー","グー","グー","パー",TRUE,FALSE,FALSE
110,"1993-11-21","パー","チョキ","チョキ","パー","グー","グー",TRUE,FALSE,FALSE
111,"1993-11-28","グー","パー","チョキ","チョキ","パー","グー",TRUE,FALSE,FALSE
112,"1993-12-05","パー","グー","パー","チョキ","チョキ","パー",TRUE,FALSE,FALSE
113,"1993-12-12","チョキ","パー","グー","パー","チョキ","チョキ",TRUE,FALSE,FALSE
114,"1993-12-19","グー","チョキ","パー","グー","パー","チョキ",FALSE,FALSE,FALSE
115,"1993-12-26","グー","グー","チョキ","パー","グー","パー",FALSE,FALSE,FALSE
116,"1994-01-02","パー","グー","グー","チョキ","パー","グー",TRUE,FALSE,FALSE
117,"1994-01-09","グー","パー","グー","グー","チョキ","パー",TRUE,FALSE,FALSE
118,"1994-01-16","チョキ","グー","パー","グー","グー","チョキ",TRUE,FALSE,FALSE
119,"1994-01-23","グー","チョキ","グー","パー","グー","グー",TRUE,FALSE,FALSE
120,"1994-01-30","チョキ","グー","チョキ","グー","パー","グー",FALSE,FALSE,FALSE
121,"1994-02-06","パー","チョキ","グー","チョキ","グー","パー",FALSE,FALSE,FALSE
122,"1994-02-13","パー","パー","チョキ","グー","チョキ","グー",FALSE,FALSE,FALSE
123,"1994-02-20","チョキ","パー","パー","チョキ","グー","チョキ",TRUE,FALSE,FALSE
124,"1994-02-27","グー","チョキ","パー","パー","チョキ","グー",TRUE,FALSE,FALSE
125,"1994-03-06","グー","グー","チョキ","パー","パー","チョキ",TRUE,FALSE,FALSE
126,"1994-03-13","パー","グー","グー","チョキ","パー","パー",TRUE,FALSE,FALSE
127,"1994-03-20","パー","パー","グー","グー","チョキ","パー",TRUE,FALSE,FALSE
128,"1994-03-27","チョキ","パー","パー","グー","グー","チョキ",TRUE,FALSE,FALSE
129,"1994-04-03","チョキ","チョキ","パー","パー","グー","グー",TRUE,FALSE,FALSE
130,"1994-04-10","パー","チョキ","チョキ","パー","パー","グー",TRUE,FALSE,FALSE
131,"1994-04-17","グー","パー","チョキ","チョキ","パー","パー",TRUE,FALSE,FALSE
132,"1994-04-24","チョキ","グー","パー","チョキ","チョキ","パー",TRUE,FALSE,FALSE
133,"1994-05-01","グー","チョキ","グー","パー","チョキ","チョキ",TRUE,FALSE,FALSE
134,"1994-05-08","パー","グー","チョキ","グー","パー","チョキ",FALSE,FALSE,FALSE
135,"1994-05-15","パー","パー","グー","チョキ","グー","パー",FALSE,FALSE,FALSE
136,"1994-05-22","チョキ","パー","パー","グー","チョキ","グー",TRUE,FALSE,FALSE
137,"1994-05-29","グー","チョキ","パー","パー","グー","チョキ",TRUE,FALSE,FALSE
138,"1994-06-05","チョキ","グー","チョキ","パー","パー","グー",TRUE,FALSE,FALSE
139,"1994-06-12","パー","チョキ","グー","チョキ","パー","パー",TRUE,FALSE,FALSE
140,"1994-06-19","チョキ","パー","チョキ","グー","チョキ","パー",FALSE,FALSE,FALSE
141,"1994-06-26","グー","チョキ","パー","チョキ","グー","チョキ",FALSE,FALSE,FALSE
142,"1994-07-03","パー","グー","チョキ","パー","チョキ","グー",FALSE,FALSE,FALSE
143,"1994-07-10","チョキ","パー","グー","チョキ","パー","チョキ",FALSE,FALSE,FALSE
144,"1994-07-17","チョキ","チョキ","パー","グー","チョキ","パー",FALSE,FALSE,FALSE
146,"1994-07-31","パー","チョキ","チョキ","パー","グー","チョキ",TRUE,FALSE,FALSE
147,"1994-08-07","グー","パー","チョキ","チョキ","パー","グー",TRUE,FALSE,FALSE
148,"1994-08-14","グー","グー","パー","チョキ","チョキ","パー",TRUE,FALSE,FALSE
149,"1994-08-21","チョキ","グー","グー","パー","チョキ","チョキ",TRUE,FALSE,FALSE
150,"1994-08-28","パー","チョキ","グー","グー","パー","チョキ",TRUE,FALSE,FALSE
151,"1994-09-04","グー","パー","チョキ","グー","グー","パー",TRUE,FALSE,FALSE
152,"1994-09-11","パー","グー","パー","チョキ","グー","グー",TRUE,FALSE,FALSE
153,"1994-09-18","チョキ","パー","グー","パー","チョキ","グー",FALSE,FALSE,FALSE
154,"1994-09-25","グー","チョキ","パー","グー","パー","チョキ",FALSE,FALSE,FALSE
155,"1994-10-02","グー","グー","チョキ","パー","グー","パー",FALSE,FALSE,FALSE
156,"1994-10-09","パー","グー","グー","チョキ","パー","グー",TRUE,FALSE,FALSE
157,"1994-10-23","パー","パー","グー","グー","チョキ","パー",TRUE,FALSE,FALSE
158,"1994-10-30","チョキ","パー","パー","グー","グー","チョキ",TRUE,FALSE,FALSE
159,"1994-11-06","グー","チョキ","パー","パー","グー","グー",TRUE,FALSE,FALSE
160,"1994-11-13","チョキ","グー","チョキ","パー","パー","グー",TRUE,FALSE,FALSE
161,"1994-11-20","パー","チョキ","グー","チョキ","パー","パー",TRUE,FALSE,FALSE
162,"1994-11-27","チョキ","パー","チョキ","グー","チョキ","パー",FALSE,FALSE,FALSE
163,"1994-12-04","グー","チョキ","パー","チョキ","グー","チョキ",FALSE,FALSE,FALSE
164,"1994-12-11","パー","グー","チョキ","パー","チョキ","グー",FALSE,FALSE,FALSE
165,"1994-12-18","グー","パー","グー","チョキ","パー","チョキ",FALSE,FALSE,FALSE
166,"1994-12-25","パー","グー","パー","グー","チョキ","パー",FALSE,FALSE,FALSE
168,"1995-01-08","チョキ","パー","グー","パー","グー","チョキ",FALSE,FALSE,FALSE
169,"1995-01-15","グー","チョキ","パー","グー","パー","グー",FALSE,FALSE,FALSE
170,"1995-01-22","パー","グー","チョキ","パー","グー","パー",FALSE,FALSE,FALSE
171,"1995-01-29","グー","パー","グー","チョキ","パー","グー",FALSE,FALSE,FALSE
172,"1995-02-05","チョキ","グー","パー","グー","チョキ","パー",FALSE,FALSE,FALSE
173,"1995-02-12","チョキ","チョキ","グー","パー","グー","チョキ",FALSE,FALSE,FALSE
174,"1995-02-19","パー","チョキ","チョキ","グー","パー","グー",TRUE,FALSE,FALSE
175,"1995-02-26","チョキ","パー","チョキ","チョキ","グー","パー",TRUE,FALSE,FALSE
176,"1995-03-05","グー","チョキ","パー","チョキ","チョキ","グー",TRUE,FALSE,FALSE
177,"1995-03-12","パー","グー","チョキ","パー","チョキ","チョキ",TRUE,FALSE,FALSE
178,"1995-03-19","パー","パー","グー","チョキ","パー","チョキ",FALSE,FALSE,FALSE
179,"1995-03-26","チョキ","パー","パー","グー","チョキ","パー",TRUE,FALSE,FALSE
180,"1995-04-02","グー","チョキ","パー","パー","グー","チョキ",TRUE,FALSE,FALSE
181,"1995-04-09","パー","グー","チョキ","パー","パー","グー",TRUE,FALSE,FALSE
182,"1995-04-16","チョキ","パー","グー","チョキ","パー","パー",TRUE,FALSE,FALSE
183,"1995-04-23","グー","チョキ","パー","グー","チョキ","パー",FALSE,FALSE,FALSE
184,"1995-04-30","チョキ","グー","チョキ","パー","グー","チョキ",FALSE,FALSE,FALSE
185,"1995-05-07","パー","チョキ","グー","チョキ","パー","グー",FALSE,FALSE,FALSE
186,"1995-05-14","パー","パー","チョキ","グー","チョキ","パー",FALSE,FALSE,FALSE
187,"1995-05-21","チョキ","パー","パー","チョキ","グー","チョキ",TRUE,FALSE,FALSE
188,"1995-05-28","グー","チョキ","パー","パー","チョキ","グー",TRUE,FALSE,FALSE
189,"1995-06-04","グー","グー","チョキ","パー","パー","チョキ",TRUE,FALSE,FALSE
190,"1995-06-11","チョキ","グー","グー","チョキ","パー","パー",TRUE,FALSE,FALSE
191,"1995-06-18","パー","チョキ","グー","グー","チョキ","パー",TRUE,FALSE,FALSE
192,"1995-06-25","チョキ","パー","チョキ","グー","グー","チョキ",TRUE,FALSE,FALSE
193,"1995-07-02","グー","チョキ","パー","チョキ","グー","グー",TRUE,FALSE,FALSE
194,"1995-07-09","パー","グー","チョキ","パー","チョキ","グー",FALSE,FALSE,FALSE
195,"1995-07-16","パー","パー","グー","チョキ","パー","チョキ",FALSE,FALSE,FALSE
196,"1995-07-23","グー","パー","パー","グー","チョキ","パー",TRUE,FALSE,FALSE
197,"1995-07-30","チョキ","グー","パー","パー","グー","チョキ",TRUE,FALSE,FALSE
198,"1995-08-06","チョキ","チョキ","グー","パー","パー","グー",TRUE,FALSE,FALSE
199,"1995-08-13","グー","チョキ","チョキ","グー","パー","パー",TRUE,FALSE,FALSE
200,"1995-08-20","パー","グー","チョキ","チョキ","グー","パー",TRUE,FALSE,FALSE
201,"1995-08-27","チョキ","パー","グー","チョキ","チョキ","グー",TRUE,FALSE,FALSE
202,"1995-09-03","パー","チョキ","パー","グー","チョキ","チョキ",TRUE,FALSE,FALSE
203,"1995-09-10","パー","パー","チョキ","パー","グー","チョキ",FALSE,FALSE,FALSE
204,"1995-09-17","グー","パー","パー","チョキ","パー","グー",TRUE,FALSE,FALSE
205,"1995-09-24","チョキ","グー","パー","パー","チョキ","パー",TRUE,FALSE,FALSE
206,"1995-10-01","チョキ","チョキ","グー","パー","パー","チョキ",TRUE,FALSE,FALSE
207,"1995-10-08","パー","チョキ","チョキ","グー","パー","パー",TRUE,FALSE,FALSE
208,"1995-10-15","グー","パー","チョキ","チョキ","グー","パー",TRUE,FALSE,FALSE
209,"1995-10-22","グー","グー","パー","チョキ","チョキ","グー",TRUE,FALSE,FALSE
210,"1995-10-29","パー","グー","グー","パー","チョキ","チョキ",TRUE,FALSE,FALSE
211,"1995-11-05","チョキ","パー","グー","グー","パー","チョキ",TRUE,FALSE,FALSE
212,"1995-11-12","パー","チョキ","パー","グー","グー","パー",TRUE,FALSE,FALSE
213,"1995-11-19","グー","パー","チョキ","パー","グー","グー",TRUE,FALSE,FALSE
214,"1995-11-26","チョキ","グー","パー","チョキ","パー","グー",FALSE,FALSE,FALSE
215,"1995-12-03","チョキ","チョキ","グー","パー","チョキ","パー",FALSE,FALSE,FALSE
216,"1995-12-10","グー","チョキ","チョキ","グー","パー","チョキ",TRUE,FALSE,FALSE
217,"1995-12-17","パー","グー","チョキ","チョキ","グー","パー",TRUE,FALSE,FALSE
218,"1995-12-24","チョキ","パー","グー","チョキ","チョキ","グー",TRUE,FALSE,FALSE
219,"1995-12-31","パー","チョキ","パー","グー","チョキ","チョキ",TRUE,FALSE,FALSE
220,"1996-01-07","チョキ","パー","チョキ","パー","グー","チョキ",FALSE,FALSE,FALSE
221,"1996-01-14","グー","チョキ","パー","チョキ","パー","グー",FALSE,FALSE,FALSE
222,"1996-01-21","グー","グー","チョキ","パー","チョキ","パー",FALSE,FALSE,FALSE
223,"1996-01-28","パー","グー","グー","チョキ","パー","チョキ",TRUE,FALSE,FALSE
224,"1996-02-04","チョキ","パー","グー","グー","チョキ","パー",TRUE,FALSE,FALSE
225,"1996-02-11","パー","チョキ","パー","グー","グー","チョキ",TRUE,FALSE,FALSE
226,"1996-02-18","パー","パー","チョキ","パー","グー","グー",TRUE,FALSE,FALSE
227,"1996-02-25","グー","パー","パー","チョキ","パー","グー",TRUE,FALSE,FALSE
228,"1996-03-03","チョキ","グー","パー","パー","チョキ","パー",TRUE,FALSE,FALSE
229,"1996-03-10","チョキ","チョキ","グー","パー","パー","チョキ",TRUE,FALSE,FALSE
230,"1996-03-17","グー","チョキ","チョキ","グー","パー","パー",TRUE,FALSE,FALSE
231,"1996-03-24","パー","グー","チョキ","チョキ","グー","パー",TRUE,FALSE,FALSE
232,"1996-03-31","グー","パー","グー","チョキ","チョキ","グー",TRUE,FALSE,FALSE
233,"1996-04-07","チョキ","グー","パー","グー","チョキ","チョキ",TRUE,FALSE,FALSE
234,"1996-04-14","パー","チョキ","グー","パー","グー","チョキ",FALSE,FALSE,FALSE
235,"1996-04-21","パー","パー","チョキ","グー","パー","グー",FALSE,FALSE,FALSE
236,"1996-04-28","チョキ","パー","パー","チョキ","グー","パー",TRUE,FALSE,FALSE
237,"1996-05-05","グー","チョキ","パー","パー","チョキ","グー",TRUE,FALSE,FALSE
238,"1996-05-12","グー","グー","チョキ","パー","パー","チョキ",TRUE,FALSE,FALSE
239,"1996-05-19","チョキ","グー","グー","チョキ","パー","パー",TRUE,FALSE,FALSE
240,"1996-05-26","パー","チョキ","グー","グー","チョキ","パー",TRUE,FALSE,FALSE
241,"1996-06-02","チョキ","パー","チョキ","グー","グー","チョキ",TRUE,FALSE,FALSE
242,"1996-06-09","パー","チョキ","パー","チョキ","グー","グー",TRUE,FALSE,FALSE
243,"1996-06-16","グー","パー","チョキ","パー","チョキ","グー",FALSE,FALSE,FALSE
244,"1996-06-23","チョキ","グー","パー","チョキ","パー","チョキ",FALSE,FALSE,FALSE
245,"1996-06-30","グー","チョキ","グー","パー","チョキ","パー",FALSE,FALSE,FALSE
246,"1996-07-07","チョキ","グー","チョキ","グー","パー","チョキ",FALSE,FALSE,FALSE
247,"1996-07-14","チョキ","チョキ","グー","チョキ","グー","パー",FALSE,FALSE,FALSE
248,"1996-07-21","パー","チョキ","チョキ","グー","チョキ","グー",TRUE,FALSE,FALSE
249,"1996-07-28","グー","パー","チョキ","チョキ","グー","チョキ",TRUE,FALSE,FALSE
250,"1996-08-04","パー","グー","パー","チョキ","チョキ","グー",TRUE,FALSE,FALSE
251,"1996-08-11","パー","パー","グー","パー","チョキ","チョキ",TRUE,FALSE,FALSE
252,"1996-08-18","チョキ","パー","パー","グー","パー","チョキ",TRUE,FALSE,FALSE
253,"1996-08-25","チョキ","チョキ","パー","パー","グー","パー",TRUE,FALSE,FALSE
254,"1996-09-01","グー","チョキ","チョキ","パー","パー","グー",TRUE,FALSE,FALSE
255,"1996-09-08","パー","グー","チョキ","チョキ","パー","パー",TRUE,FALSE,FALSE
256,"1996-09-15","グー","パー","グー","チョキ","チョキ","パー",TRUE,FALSE,FALSE
257,"1996-09-22","グー","グー","パー","グー","チョキ","チョキ",TRUE,FALSE,FALSE
258,"1996-09-29","チョキ","グー","グー","パー","グー","チョキ",TRUE,FALSE,FALSE
260,"1996-10-13","パー","チョキ","グー","グー","パー","グー",TRUE,FALSE,FALSE
262,"1996-10-27","チョキ","パー","チョキ","グー","グー","パー",TRUE,FALSE,FALSE
263,"1996-11-03","グー","チョキ","パー","チョキ","グー","グー",TRUE,FALSE,FALSE
264,"1996-11-10","グー","グー","チョキ","パー","チョキ","グー",FALSE,FALSE,FALSE
265,"1996-11-17","パー","グー","グー","チョキ","パー","チョキ",TRUE,FALSE,FALSE
266,"1996-11-24","チョキ","パー","グー","グー","チョキ","パー",TRUE,FALSE,FALSE
267,"1996-12-01","パー","チョキ","パー","グー","グー","チョキ",TRUE,FALSE,FALSE
268,"1996-12-08","パー","パー","チョキ","パー","グー","グー",TRUE,FALSE,FALSE
269,"1996-12-15","グー","パー","パー","チョキ","パー","グー",TRUE,FALSE,FALSE
270,"1996-12-22","グー","グー","パー","パー","チョキ","パー",TRUE,FALSE,FALSE
271,"1996-12-29","チョキ","グー","グー","パー","パー","チョキ",TRUE,FALSE,FALSE
272,"1997-01-05","チョキ","チョキ","グー","グー","パー","パー",TRUE,FALSE,FALSE
273,"1997-01-12","グー","チョキ","チョキ","グー","グー","パー",TRUE,FALSE,FALSE
274,"1997-01-19","パー","グー","チョキ","チョキ","グー","グー",TRUE,FALSE,FALSE
275,"1997-01-26","チョキ","パー","グー","チョキ","チョキ","グー",TRUE,FALSE,FALSE
276,"1997-02-02","パー","チョキ","パー","グー","チョキ","チョキ",TRUE,FALSE,FALSE
277,"1997-02-09","グー","パー","チョキ","パー","グー","チョキ",FALSE,FALSE,FALSE
278,"1997-02-16","パー","グー","パー","チョキ","パー","グー",FALSE,FALSE,FALSE
279,"1997-02-23","チョキ","パー","グー","パー","チョキ","パー",FALSE,FALSE,FALSE
280,"1997-03-02","グー","チョキ","パー","グー","パー","チョキ",FALSE,FALSE,FALSE
281,"1997-03-09","チョキ","グー","チョキ","パー","グー","パー",FALSE,FALSE,FALSE
282,"1997-03-16","グー","チョキ","グー","チョキ","パー","グー",FALSE,FALSE,FALSE
283,"1997-03-23","パー","グー","チョキ","グー","チョキ","パー",FALSE,FALSE,FALSE
284,"1997-03-30","パー","パー","グー","チョキ","グー","チョキ",FALSE,FALSE,FALSE
285,"1997-04-06","チョキ","パー","パー","グー","チョキ","グー",TRUE,FALSE,FALSE
286,"1997-04-13","グー","チョキ","パー","パー","グー","チョキ",TRUE,FALSE,FALSE
287,"1997-04-20","チョキ","グー","チョキ","パー","パー","グー",TRUE,FALSE,FALSE
288,"1997-04-27","パー","チョキ","グー","チョキ","パー","パー",TRUE,FALSE,FALSE
289,"1997-05-04","パー","パー","チョキ","グー","チョキ","パー",FALSE,FALSE,FALSE
290,"1997-05-11","グー","パー","パー","チョキ","グー","チョキ",TRUE,FALSE,FALSE
291,"1997-05-18","チョキ","グー","パー","パー","チョキ","グー",TRUE,FALSE,FALSE
292,"1997-05-25","パー","チョキ","グー","パー","パー","チョキ",TRUE,FALSE,FALSE
293,"1997-06-01","チョキ","パー","チョキ","グー","パー","パー",TRUE,FALSE,FALSE
294,"1997-06-08","グー","チョキ","パー","チョキ","グー","パー",FALSE,FALSE,FALSE
295,"1997-06-15","グー","グー","チョキ","パー","チョキ","グー",FALSE,FALSE,FALSE
296,"1997-06-22","パー","グー","グー","チョキ","パー","チョキ",TRUE,FALSE,FALSE
297,"1997-06-29","チョキ","パー","グー","グー","チョキ","パー",TRUE,FALSE,FALSE
298,"1997-07-06","チョキ","チョキ","パー","グー","グー","チョキ",TRUE,FALSE,FALSE
299,"1997-07-13","グー","チョキ","チョキ","パー","グー","グー",TRUE,FALSE,FALSE
300,"1997-07-20","パー","グー","チョキ","チョキ","パー","グー",TRUE,FALSE,FALSE
302,"1997-08-03","グー","パー","グー","チョキ","チョキ","パー",TRUE,FALSE,FALSE
303,"1997-08-10","チョキ","グー","パー","グー","チョキ","チョキ",TRUE,FALSE,FALSE
304,"1997-08-17","グー","チョキ","グー","パー","グー","チョキ",FALSE,FALSE,FALSE
305,"1997-08-24","パー","グー","チョキ","グー","パー","グー",FALSE,FALSE,FALSE
306,"1997-08-31","パー","パー","グー","チョキ","グー","パー",FALSE,FALSE,FALSE
307,"1997-09-07","チョキ","パー","パー","グー","チョキ","グー",TRUE,FALSE,FALSE
308,"1997-09-14","グー","チョキ","パー","パー","グー","チョキ",TRUE,FALSE,FALSE
309,"1997-09-21","チョキ","グー","チョキ","パー","パー","グー",TRUE,FALSE,FALSE
310,"1997-09-28","パー","チョキ","グー","チョキ","パー","パー",TRUE,FALSE,FALSE
311,"1997-10-05","チョキ","パー","チョキ","グー","チョキ","パー",FALSE,FALSE,FALSE
312,"1997-10-12","チョキ","チョキ","パー","チョキ","グー","チョキ",FALSE,FALSE,FALSE
313,"1997-10-19","グー","チョキ","チョキ","パー","チョキ","グー",TRUE,FALSE,FALSE
314,"1997-10-26","パー","グー","チョキ","チョキ","パー","チョキ",TRUE,FALSE,FALSE
315,"1997-11-02","チョキ","パー","グー","チョキ","チョキ","パー",TRUE,FALSE,FALSE
316,"1997-11-09","グー","チョキ","パー","グー","チョキ","チョキ",TRUE,FALSE,FALSE
317,"1997-11-16","チョキ","グー","チョキ","パー","グー","チョキ",FALSE,FALSE,FALSE
318,"1997-11-23","パー","チョキ","グー","チョキ","パー","グー",FALSE,FALSE,FALSE
319,"1997-11-30","グー","パー","チョキ","グー","チョキ","パー",FALSE,FALSE,FALSE
320,"1997-12-07","グー","グー","パー","チョキ","グー","チョキ",FALSE,FALSE,FALSE
321,"1997-12-14","パー","グー","グー","パー","チョキ","グー",TRUE,FALSE,FALSE
322,"1997-12-21","チョキ","パー","グー","グー","パー","チョキ",TRUE,FALSE,FALSE
323,"1997-12-28","パー","チョキ","パー","グー","グー","パー",TRUE,FALSE,FALSE
324,"1998-01-04","チョキ","パー","チョキ","パー","グー","グー",TRUE,FALSE,FALSE
325,"1998-01-11","グー","チョキ","パー","チョキ","パー","グー",FALSE,FALSE,FALSE
326,"1998-01-18","パー","グー","チョキ","パー","チョキ","パー",FALSE,FALSE,FALSE
327,"1998-01-25","パー","パー","グー","チョキ","パー","チョキ",FALSE,FALSE,FALSE
328,"1998-02-01","グー","パー","パー","グー","チョキ","パー",TRUE,FALSE,FALSE
329,"1998-02-08","チョキ","グー","パー","パー","グー","チョキ",TRUE,FALSE,FALSE
330,"1998-02-15","チョキ","チョキ","グー","パー","パー","グー",TRUE,FALSE,FALSE
331,"1998-02-22","グー","チョキ","チョキ","グー","パー","パー",TRUE,FALSE,FALSE
332,"1998-03-01","パー","グー","チョキ","チョキ","グー","パー",TRUE,FALSE,FALSE
333,"1998-03-08","パー","パー","グー","チョキ","チョキ","グー",TRUE,FALSE,FALSE
334,"1998-03-15","チョキ","パー","パー","グー","チョキ","チョキ",TRUE,FALSE,FALSE
335,"1998-03-22","グー","チョキ","パー","パー","グー","チョキ",TRUE,FALSE,FALSE
336,"1998-03-29","パー","グー","チョキ","パー","パー","グー",TRUE,FALSE,FALSE
337,"1998-04-05","チョキ","パー","グー","チョキ","パー","パー",TRUE,FALSE,FALSE
338,"1998-04-12","チョキ","チョキ","パー","グー","チョキ","パー",FALSE,FALSE,FALSE
339,"1998-04-19","グー","チョキ","チョキ","パー","グー","チョキ",TRUE,FALSE,FALSE
340,"1998-04-26","パー","グー","チョキ","チョキ","パー","グー",TRUE,FALSE,FALSE
341,"1998-05-03","チョキ","パー","グー","チョキ","チョキ","パー",TRUE,FALSE,FALSE
342,"1998-05-10","パー","チョキ","パー","グー","チョキ","チョキ",TRUE,FALSE,FALSE
343,"1998-05-17","グー","パー","チョキ","パー","グー","チョキ",FALSE,FALSE,FALSE
344,"1998-05-24","グー","グー","パー","チョキ","パー","グー",FALSE,FALSE,FALSE
345,"1998-05-31","チョキ","グー","グー","パー","チョキ","パー",TRUE,FALSE,FALSE
346,"1998-06-07","パー","チョキ","グー","グー","パー","チョキ",TRUE,FALSE,FALSE
347,"1998-06-14","チョキ","パー","チョキ","グー","グー","パー",TRUE,FALSE,FALSE
348,"1998-06-21","グー","チョキ","パー","チョキ","グー","グー",TRUE,FALSE,FALSE
349,"1998-06-28","パー","グー","チョキ","パー","チョキ","グー",FALSE,FALSE,FALSE
350,"1998-07-05","チョキ","パー","グー","チョキ","パー","チョキ",FALSE,FALSE,FALSE
351,"1998-07-12","パー","チョキ","パー","グー","チョキ","パー",FALSE,FALSE,FALSE
352,"1998-07-19","チョキ","パー","チョキ","パー","グー","チョキ",FALSE,FALSE,FALSE
353,"1998-07-26","グー","チョキ","パー","チョキ","パー","グー",FALSE,FALSE,FALSE
354,"1998-08-02","グー","グー","チョキ","パー","チョキ","パー",FALSE,FALSE,FALSE
355,"1998-08-09","パー","グー","グー","チョキ","パー","チョキ",TRUE,FALSE,FALSE
356,"1998-08-16","チョキ","パー","グー","グー","チョキ","パー",TRUE,FALSE,FALSE
357,"1998-08-23","パー","チョキ","パー","グー","グー","チョキ",TRUE,FALSE,FALSE
358,"1998-08-30","グー","パー","チョキ","パー","グー","グー",TRUE,FALSE,FALSE
359,"1998-09-06","チョキ","グー","パー","チョキ","パー","グー",FALSE,FALSE,FALSE
360,"1998-09-13","パー","チョキ","グー","パー","チョキ","パー",FALSE,FALSE,FALSE
361,"1998-09-20","パー","パー","チョキ","グー","パー","チョキ",FALSE,FALSE,FALSE
362,"1998-09-27","チョキ","パー","パー","チョキ","グー","パー",TRUE,FALSE,FALSE
363,"1998-10-04","チョキ","チョキ","パー","パー","チョキ","グー",TRUE,FALSE,FALSE
364,"1998-10-11","グー","チョキ","チョキ","パー","パー","チョキ",TRUE,FALSE,FALSE
365,"1998-10-18","パー","グー","チョキ","チョキ","パー","パー",TRUE,FALSE,FALSE
366,"1998-10-25","チョキ","パー","グー","チョキ","チョキ","パー",TRUE,FALSE,FALSE
367,"1998-11-01","パー","チョキ","パー","グー","チョキ","チョキ",TRUE,FALSE,FALSE
368,"1998-11-08","グー","パー","チョキ","パー","グー","チョキ",FALSE,FALSE,FALSE
369,"1998-11-15","グー","グー","パー","チョキ","パー","グー",FALSE,FALSE,FALSE
370,"1998-11-22","チョキ","グー","グー","パー","チョキ","パー",TRUE,FALSE,FALSE
371,"1998-11-29","パー","チョキ","グー","グー","パー","チョキ",TRUE,FALSE,FALSE
372,"1998-12-06","チョキ","パー","チョキ","グー","グー","パー",TRUE,FALSE,FALSE
373,"1998-12-13","パー","チョキ","パー","チョキ","グー","グー",TRUE,FALSE,FALSE
374,"1998-12-20","グー","パー","チョキ","パー","チョキ","グー",FALSE,FALSE,FALSE
375,"1998-12-27","パー","グー","パー","チョキ","パー","チョキ",FALSE,FALSE,FALSE
377,"1999-01-10","チョキ","パー","グー","パー","チョキ","パー",FALSE,FALSE,FALSE
378,"1999-01-17","チョキ","チョキ","パー","グー","パー","チョキ",FALSE,FALSE,FALSE
379,"1999-01-24","グー","チョキ","チョキ","パー","グー","パー",TRUE,FALSE,FALSE
380,"1999-01-31","パー","グー","チョキ","チョキ","パー","グー",TRUE,FALSE,FALSE
381,"1999-02-07","グー","パー","グー","チョキ","チョキ","パー",TRUE,FALSE,FALSE
382,"1999-02-14","チョキ","グー","パー","グー","チョキ","チョキ",TRUE,FALSE,FALSE
383,"1999-02-21","パー","チョキ","グー","パー","グー","チョキ",FALSE,FALSE,FALSE
384,"1999-02-28","チョキ","パー","チョキ","グー","パー","グー",FALSE,FALSE,FALSE
385,"1999-03-07","グー","チョキ","パー","チョキ","グー","パー",FALSE,FALSE,FALSE
386,"1999-03-14","グー","グー","チョキ","パー","チョキ","グー",FALSE,FALSE,FALSE
387,"1999-03-21","パー","グー","グー","チョキ","パー","チョキ",TRUE,FALSE,FALSE
388,"1999-03-28","チョキ","パー","グー","グー","チョキ","パー",TRUE,FALSE,FALSE
389,"1999-04-04","グー","チョキ","パー","グー","グー","チョキ",TRUE,FALSE,FALSE
390,"1999-04-11","チョキ","グー","チョキ","パー","グー","グー",TRUE,FALSE,FALSE
391,"1999-04-18","グー","チョキ","グー","チョキ","パー","グー",FALSE,FALSE,FALSE
392,"1999-04-25","グー","グー","チョキ","グー","チョキ","パー",FALSE,FALSE,FALSE
393,"1999-05-02","パー","グー","グー","チョキ","グー","チョキ",TRUE,FALSE,FALSE
394,"1999-05-09","パー","パー","グー","グー","チョキ","グー",TRUE,FALSE,FALSE
395,"1999-05-16","チョキ","パー","パー","グー","グー","チョキ",TRUE,FALSE,FALSE
396,"1999-05-23","グー","チョキ","パー","パー","グー","グー",TRUE,FALSE,FALSE
397,"1999-05-30","パー","グー","チョキ","パー","パー","グー",TRUE,FALSE,FALSE
398,"1999-06-06","グー","パー","グー","チョキ","パー","パー",TRUE,FALSE,FALSE
399,"1999-06-13","チョキ","グー","パー","グー","チョキ","パー",FALSE,FALSE,FALSE
400,"1999-06-20","グー","チョキ","グー","パー","グー","チョキ",FALSE,FALSE,FALSE
401,"1999-06-27","パー","グー","チョキ","グー","パー","グー",FALSE,FALSE,FALSE
402,"1999-07-04","パー","パー","グー","チョキ","グー","パー",FALSE,FALSE,FALSE
403,"1999-07-11","パー","パー","パー","グー","チョキ","グー",TRUE,FALSE,FALSE
404,"1999-07-18","チョキ","パー","パー","パー","グー","チョキ",TRUE,TRUE,FALSE
405,"1999-07-25","グー","チョキ","パー","パー","パー","グー",TRUE,TRUE,FALSE
406,"1999-08-01","パー","グー","チョキ","パー","パー","パー",TRUE,TRUE,FALSE
407,"1999-08-08","チョキ","パー","グー","チョキ","パー","パー",TRUE,FALSE,FALSE
408,"1999-08-15","グー","チョキ","パー","グー","チョキ","パー",FALSE,FALSE,FALSE
409,"1999-08-22","チョキ","グー","チョキ","パー","グー","チョキ",FALSE,FALSE,FALSE
410,"1999-08-29","チョキ","チョキ","グー","チョキ","パー","グー",FALSE,FALSE,FALSE
411,"1999-09-05","チョキ","チョキ","チョキ","グー","チョキ","パー",TRUE,FALSE,FALSE
412,"1999-09-12","パー","チョキ","チョキ","チョキ","グー","チョキ",TRUE,TRUE,FALSE
413,"1999-09-19","グー","パー","チョキ","チョキ","チョキ","グー",TRUE,TRUE,FALSE
414,"1999-09-26","グー","グー","パー","チョキ","チョキ","チョキ",TRUE,TRUE,FALSE
415,"1999-10-03","パー","グー","グー","パー","チョキ","チョキ",TRUE,FALSE,FALSE
416,"1999-10-10","グー","パー","グー","グー","パー","チョキ",TRUE,FALSE,FALSE
417,"1999-10-17","パー","グー","パー","グー","グー","パー",TRUE,FALSE,FALSE
418,"1999-10-31","チョキ","パー","グー","パー","グー","グー",TRUE,FALSE,FALSE
419,"1999-11-07","チョキ","チョキ","パー","グー","パー","グー",FALSE,FALSE,FALSE
420,"1999-11-14","パー","チョキ","チョキ","パー","グー","パー",TRUE,FALSE,FALSE
421,"1999-11-21","パー","パー","チョキ","チョキ","パー","グー",TRUE,FALSE,FALSE
422,"1999-11-28","グー","パー","パー","チョキ","チョキ","パー",TRUE,FALSE,FALSE
423,"1999-12-05","チョキ","グー","パー","パー","チョキ","チョキ",TRUE,FALSE,FALSE
424,"1999-12-12","グー","チョキ","グー","パー","パー","チョキ",TRUE,FALSE,FALSE
425,"1999-12-19","グー","グー","チョキ","グー","パー","パー",TRUE,FALSE,FALSE
426,"1999-12-26","チョキ","グー","グー","チョキ","グー","パー",TRUE,FALSE,FALSE
428,"2000-01-09","チョキ","チョキ","グー","グー","チョキ","グー",TRUE,FALSE,FALSE
430,"2000-01-23","パー","チョキ","チョキ","グー","グー","チョキ",TRUE,FALSE,FALSE
431,"2000-01-30","グー","パー","チョキ","チョキ","グー","グー",TRUE,FALSE,FALSE
432,"2000-02-06","グー","グー","パー","チョキ","チョキ","グー",TRUE,FALSE,FALSE
433,"2000-02-13","チョキ","グー","グー","パー","チョキ","チョキ",TRUE,FALSE,FALSE
434,"2000-02-20","パー","チョキ","グー","グー","パー","チョキ",TRUE,FALSE,FALSE
435,"2000-02-27","パー","パー","チョキ","グー","グー","パー",TRUE,FALSE,FALSE
436,"2000-03-05","グー","パー","パー","チョキ","グー","グー",TRUE,FALSE,FALSE
437,"2000-03-12","チョキ","グー","パー","パー","チョキ","グー",TRUE,FALSE,FALSE
438,"2000-03-19","パー","チョキ","グー","パー","パー","チョキ",TRUE,FALSE,FALSE
439,"2000-03-26","グー","パー","チョキ","グー","パー","パー",TRUE,FALSE,FALSE
440,"2000-04-02","チョキ","グー","パー","チョキ","グー","パー",FALSE,FALSE,FALSE
441,"2000-04-09","チョキ","チョキ","グー","パー","チョキ","グー",FALSE,FALSE,FALSE
442,"2000-04-16","グー","チョキ","チョキ","グー","パー","チョキ",TRUE,FALSE,FALSE
443,"2000-04-23","チョキ","グー","チョキ","チョキ","グー","パー",TRUE,FALSE,FALSE
444,"2000-04-30","パー","チョキ","グー","チョキ","チョキ","グー",TRUE,FALSE,FALSE
445,"2000-05-07","グー","パー","チョキ","グー","チョキ","チョキ",TRUE,FALSE,FALSE
446,"2000-05-14","チョキ","グー","パー","チョキ","グー","チョキ",FALSE,FALSE,FALSE
447,"2000-05-21","グー","チョキ","グー","パー","チョキ","グー",FALSE,FALSE,FALSE
448,"2000-05-28","グー","グー","チョキ","グー","パー","チョキ",FALSE,FALSE,FALSE
449,"2000-06-04","チョキ","グー","グー","チョキ","グー","パー",TRUE,FALSE,FALSE
450,"2000-06-11","パー","チョキ","グー","グー","チョキ","グー",TRUE,FALSE,FALSE
451,"2000-06-18","グー","パー","チョキ","グー","グー","チョキ",TRUE,FALSE,FALSE
452,"2000-06-25","チョキ","グー","パー","チョキ","グー","グー",TRUE,FALSE,FALSE
453,"2000-07-02","チョキ","チョキ","グー","パー","チョキ","グー",FALSE,FALSE,FALSE
454,"2000-07-09","チョキ","チョキ","チョキ","グー","パー","チョキ",TRUE,FALSE,FALSE
455,"2000-07-16","パー","チョキ","チョキ","チョキ","グー","パー",TRUE,TRUE,FALSE
456,"2000-07-23","パー","パー","チョキ","チョキ","チョキ","グー",TRUE,TRUE,FALSE
457,"2000-07-30","チョキ","パー","パー","チョキ","チョキ","チョキ",TRUE,TRUE,FALSE
458,"2000-08-06","チョキ","チョキ","パー","パー","チョキ","チョキ",TRUE,FALSE,FALSE
459,"2000-08-13","パー","チョキ","チョキ","パー","パー","チョキ",TRUE,FALSE,FALSE
460,"2000-08-20","グー","パー","チョキ","チョキ","パー","パー",TRUE,FALSE,FALSE
461,"2000-08-27","パー","グー","パー","チョキ","チョキ","パー",TRUE,FALSE,FALSE
462,"2000-09-03","グー","パー","グー","パー","チョキ","チョキ",TRUE,FALSE,FALSE
463,"2000-09-10","チョキ","グー","パー","グー","パー","チョキ",FALSE,FALSE,FALSE
464,"2000-09-17","チョキ","チョキ","グー","パー","グー","パー",FALSE,FALSE,FALSE
465,"2000-09-24","パー","チョキ","チョキ","グー","パー","グー",TRUE,FALSE,FALSE
466,"2000-10-01","パー","パー","チョキ","チョキ","グー","パー",TRUE,FALSE,FALSE
467,"2000-10-08","グー","パー","パー","チョキ","チョキ","グー",TRUE,FALSE,FALSE
468,"2000-10-15","グー","グー","パー","パー","チョキ","チョキ",TRUE,FALSE,FALSE
469,"2000-10-22","パー","グー","グー","パー","パー","チョキ",TRUE,FALSE,FALSE
470,"2000-10-29","チョキ","パー","グー","グー","パー","パー",TRUE,FALSE,FALSE
471,"2000-11-05","チョキ","チョキ","パー","グー","グー","パー",TRUE,FALSE,FALSE
472,"2000-11-12","パー","チョキ","チョキ","パー","グー","グー",TRUE,FALSE,FALSE
473,"2000-11-19","チョキ","パー","チョキ","チョキ","パー","グー",TRUE,FALSE,FALSE
474,"2000-11-26","パー","チョキ","パー","チョキ","チョキ","パー",TRUE,FALSE,FALSE
475,"2000-12-03","グー","パー","チョキ","パー","チョキ","チョキ",TRUE,FALSE,FALSE
476,"2000-12-10","パー","グー","パー","チョキ","パー","チョキ",FALSE,FALSE,FALSE
477,"2000-12-17","チョキ","パー","グー","パー","チョキ","パー",FALSE,FALSE,FALSE
478,"2000-12-24","チョキ","チョキ","パー","グー","パー","チョキ",FALSE,FALSE,FALSE
479,"2000-12-31","パー","チョキ","チョキ","パー","グー","パー",TRUE,FALSE,FALSE
480,"2001-01-07","チョキ","パー","チョキ","チョキ","パー","グー",TRUE,FALSE,FALSE
481,"2001-01-14","パー","チョキ","パー","チョキ","チョキ","パー",TRUE,FALSE,FALSE
482,"2001-01-21","グー","パー","チョキ","パー","チョキ","チョキ",TRUE,FALSE,FALSE
483,"2001-01-28","グー","グー","パー","チョキ","パー","チョキ",FALSE,FALSE,FALSE
484,"2001-02-04","チョキ","グー","グー","パー","チョキ","パー",TRUE,FALSE,FALSE
485,"2001-02-11","チョキ","チョキ","グー","グー","パー","チョキ",TRUE,FALSE,FALSE
486,"2001-02-18","チョキ","チョキ","チョキ","グー","グー","パー",TRUE,FALSE,FALSE
487,"2001-02-25","グー","チョキ","チョキ","チョキ","グー","グー",TRUE,TRUE,FALSE
488,"2001-03-04","チョキ","グー","チョキ","チョキ","チョキ","グー",TRUE,TRUE,FALSE
489,"2001-03-11","パー","チョキ","グー","チョキ","チョキ","チョキ",TRUE,TRUE,FALSE
490,"2001-03-18","チョキ","パー","チョキ","グー","チョキ","チョキ",TRUE,FALSE,FALSE
491,"2001-03-25","グー","チョキ","パー","チョキ","グー","チョキ",FALSE,FALSE,FALSE
492,"2001-04-01","チョキ","グー","チョキ","パー","チョキ","グー",FALSE,FALSE,FALSE
493,"2001-04-08","パー","チョキ","グー","チョキ","パー","チョキ",FALSE,FALSE,FALSE
494,"2001-04-15","グー","パー","チョキ","グー","チョキ","パー",FALSE,FALSE,FALSE
495,"2001-04-22","グー","グー","パー","チョキ","グー","チョキ",FALSE,FALSE,FALSE
496,"2001-04-29","パー","グー","グー","パー","チョキ","グー",TRUE,FALSE,FALSE
497,"2001-05-06","チョキ","パー","グー","グー","パー","チョキ",TRUE,FALSE,FALSE
498,"2001-05-13","パー","チョキ","パー","グー","グー","パー",TRUE,FALSE,FALSE
499,"2001-05-20","グー","パー","チョキ","パー","グー","グー",TRUE,FALSE,FALSE
500,"2001-05-27","パー","グー","パー","チョキ","パー","グー",FALSE,FALSE,FALSE
501,"2001-06-03","グー","パー","グー","パー","チョキ","パー",FALSE,FALSE,FALSE
502,"2001-06-10","グー","グー","パー","グー","パー","チョキ",FALSE,FALSE,FALSE
503,"2001-06-17","チョキ","グー","グー","パー","グー","パー",TRUE,FALSE,FALSE
504,"2001-06-24","チョキ","チョキ","グー","グー","パー","グー",TRUE,FALSE,FALSE
505,"2001-07-01","パー","チョキ","チョキ","グー","グー","パー",TRUE,FALSE,FALSE
506,"2001-07-08","グー","パー","チョキ","チョキ","グー","グー",TRUE,FALSE,FALSE
507,"2001-07-15","パー","グー","パー","チョキ","チョキ","グー",TRUE,FALSE,FALSE
508,"2001-07-22","チョキ","パー","グー","パー","チョキ","チョキ",TRUE,FALSE,FALSE
509,"2001-07-29","パー","チョキ","パー","グー","パー","チョキ",FALSE,FALSE,FALSE
510,"2001-08-05","チョキ","パー","チョキ","パー","グー","パー",FALSE,FALSE,FALSE
511,"2001-08-12","グー","チョキ","パー","チョキ","パー","グー",FALSE,FALSE,FALSE
512,"2001-08-19","グー","グー","チョキ","パー","チョキ","パー",FALSE,FALSE,FALSE
513,"2001-08-26","パー","グー","グー","チョキ","パー","チョキ",TRUE,FALSE,FALSE
514,"2001-09-02","チョキ","パー","グー","グー","チョキ","パー",TRUE,FALSE,FALSE
515,"2001-09-09","パー","チョキ","パー","グー","グー","チョキ",TRUE,FALSE,FALSE
516,"2001-09-16","パー","パー","チョキ","パー","グー","グー",TRUE,FALSE,FALSE
517,"2001-09-23","チョキ","パー","パー","チョキ","パー","グー",TRUE,FALSE,FALSE
519,"2001-10-07","チョキ","チョキ","パー","パー","チョキ","パー",TRUE,FALSE,FALSE
520,"2001-10-14","グー","チョキ","チョキ","パー","パー","チョキ",TRUE,FALSE,FALSE
521,"2001-10-21","チョキ","グー","チョキ","チョキ","パー","パー",TRUE,FALSE,FALSE
522,"2001-10-28","パー","チョキ","グー","チョキ","チョキ","パー",TRUE,FALSE,FALSE
523,"2001-11-04","チョキ","パー","チョキ","グー","チョキ","チョキ",TRUE,FALSE,FALSE
524,"2001-11-11","グー","チョキ","パー","チョキ","グー","チョキ",FALSE,FALSE,FALSE
525,"2001-11-18","グー","グー","チョキ","パー","チョキ","グー",FALSE,FALSE,FALSE
526,"2001-11-25","パー","グー","グー","チョキ","パー","チョキ",TRUE,FALSE,FALSE
527,"2001-12-02","チョキ","パー","グー","グー","チョキ","パー",TRUE,FALSE,FALSE
528,"2001-12-09","パー","チョキ","パー","グー","グー","チョキ",TRUE,FALSE,FALSE
529,"2001-12-16","チョキ","パー","チョキ","パー","グー","グー",TRUE,FALSE,FALSE
530,"2001-12-23","グー","チョキ","パー","チョキ","パー","グー",FALSE,FALSE,FALSE
531,"2001-12-30","パー","グー","チョキ","パー","チョキ","パー",FALSE,FALSE,FALSE
532,"2002-01-06","チョキ","パー","グー","チョキ","パー","チョキ",FALSE,FALSE,FALSE
533,"2002-01-13","チョキ","チョキ","パー","グー","チョキ","パー",FALSE,FALSE,FALSE
535,"2002-01-27","パー","チョキ","チョキ","パー","グー","チョキ",TRUE,FALSE,FALSE
536,"2002-02-03","グー","パー","チョキ","チョキ","パー","グー",TRUE,FALSE,FALSE
537,"2002-02-10","チョキ","グー","パー","チョキ","チョキ","パー",TRUE,FALSE,FALSE
538,"2002-02-17","パー","チョキ","グー","パー","チョキ","チョキ",TRUE,FALSE,FALSE
539,"2002-02-24","グー","パー","チョキ","グー","パー","チョキ",FALSE,FALSE,FALSE
540,"2002-03-03","グー","グー","パー","チョキ","グー","パー",FALSE,FALSE,FALSE
541,"2002-03-10","チョキ","グー","グー","パー","チョキ","グー",TRUE,FALSE,FALSE
542,"2002-03-17","グー","チョキ","グー","グー","パー","チョキ",TRUE,FALSE,FALSE
543,"2002-03-24","パー","グー","チョキ","グー","グー","パー",TRUE,FALSE,FALSE
544,"2002-03-31","グー","パー","グー","チョキ","グー","グー",TRUE,FALSE,FALSE
545,"2002-04-07","チョキ","グー","パー","グー","チョキ","グー",FALSE,FALSE,FALSE
546,"2002-04-14","チョキ","チョキ","グー","パー","グー","チョキ",FALSE,FALSE,FALSE
547,"2002-04-21","グー","チョキ","チョキ","グー","パー","グー",TRUE,FALSE,FALSE
548,"2002-04-28","パー","グー","チョキ","チョキ","グー","パー",TRUE,FALSE,FALSE
549,"2002-05-05","チョキ","パー","グー","チョキ","チョキ","グー",TRUE,FALSE,FALSE
550,"2002-05-12","パー","チョキ","パー","グー","チョキ","チョキ",TRUE,FALSE,FALSE
551,"2002-05-19","グー","パー","チョキ","パー","グー","チョキ",FALSE,FALSE,FALSE
552,"2002-05-26","チョキ","グー","パー","チョキ","パー","グー",FALSE,FALSE,FALSE
553,"2002-06-02","チョキ","チョキ","グー","パー","チョキ","パー",FALSE,FALSE,FALSE
554,"2002-06-09","パー","チョキ","チョキ","グー","パー","チョキ",TRUE,FALSE,FALSE
555,"2002-06-16","グー","パー","チョキ","チョキ","グー","パー",TRUE,FALSE,FALSE
556,"2002-06-23","チョキ","グー","パー","チョキ","チョキ","グー",TRUE,FALSE,FALSE
557,"2002-06-30","パー","チョキ","グー","パー","チョキ","チョキ",TRUE,FALSE,FALSE
558,"2002-07-07","チョキ","パー","チョキ","グー","パー","チョキ",FALSE,FALSE,FALSE
559,"2002-07-14","チョキ","チョキ","パー","チョキ","グー","パー",FALSE,FALSE,FALSE
560,"2002-07-21","グー","チョキ","チョキ","パー","チョキ","グー",TRUE,FALSE,FALSE
561,"2002-07-28","パー","グー","チョキ","チョキ","パー","チョキ",TRUE,FALSE,FALSE
562,"2002-08-04","チョキ","パー","グー","チョキ","チョキ","パー",TRUE,FALSE,FALSE
563,"2002-08-11","グー","チョキ","パー","グー","チョキ","チョキ",TRUE,FALSE,FALSE
564,"2002-08-18","グー","グー","チョキ","パー","グー","チョキ",FALSE,FALSE,FALSE
565,"2002-08-25","パー","グー","グー","チョキ","パー","グー",TRUE,FALSE,FALSE
566,"2002-09-01","グー","パー","グー","グー","チョキ","パー",TRUE,FALSE,FALSE
567,"2002-09-08","チョキ","グー","パー","グー","グー","チョキ",TRUE,FALSE,FALSE
568,"2002-09-15","グー","チョキ","グー","パー","グー","グー",TRUE,FALSE,FALSE
569,"2002-09-22","グー","グー","チョキ","グー","パー","グー",FALSE,FALSE,FALSE
571,"2002-10-06","チョキ","グー","グー","チョキ","グー","パー",TRUE,FALSE,FALSE
572,"2002-10-13","チョキ","チョキ","グー","グー","チョキ","グー",TRUE,FALSE,FALSE
573,"2002-10-20","パー","チョキ","チョキ","グー","グー","チョキ",TRUE,FALSE,FALSE
574,"2002-10-27","グー","パー","チョキ","チョキ","グー","グー",TRUE,FALSE,FALSE
575,"2002-11-03","グー","グー","パー","チョキ","チョキ","グー",TRUE,FALSE,FALSE
576,"2002-11-10","チョキ","グー","グー","パー","チョキ","チョキ",TRUE,FALSE,FALSE
577,"2002-11-17","パー","チョキ","グー","グー","パー","チョキ",TRUE,FALSE,FALSE
578,"2002-11-24","グー","パー","チョキ","グー","グー","パー",TRUE,FALSE,FALSE
579,"2002-12-01","チョキ","グー","パー","チョキ","グー","グー",TRUE,FALSE,FALSE
580,"2002-12-08","パー","チョキ","グー","パー","チョキ","グー",FALSE,FALSE,FALSE
581,"2002-12-15","パー","パー","チョキ","グー","パー","チョキ",FALSE,FALSE,FALSE
582,"2002-12-22","グー","パー","パー","チョキ","グー","パー",TRUE,FALSE,FALSE
583,"2002-12-29","チョキ","グー","パー","パー","チョキ","グー",TRUE,FALSE,FALSE
584,"2003-01-05","チョキ","チョキ","グー","パー","パー","チョキ",TRUE,FALSE,FALSE
586,"2003-01-19","パー","チョキ","チョキ","グー","パー","パー",TRUE,FALSE,FALSE
587,"2003-01-26","グー","パー","チョキ","チョキ","グー","パー",TRUE,FALSE,FALSE
588,"2003-02-02","パー","グー","パー","チョキ","チョキ","グー",TRUE,FALSE,FALSE
589,"2003-02-09","チョキ","パー","グー","パー","チョキ","チョキ",TRUE,FALSE,FALSE
590,"2003-02-16","パー","チョキ","パー","グー","パー","チョキ",FALSE,FALSE,FALSE
591,"2003-02-23","チョキ","パー","チョキ","パー","グー","パー",FALSE,FALSE,FALSE
592,"2003-03-02","グー","チョキ","パー","チョキ","パー","グー",FALSE,FALSE,FALSE
593,"2003-03-09","パー","グー","チョキ","パー","チョキ","パー",FALSE,FALSE,FALSE
594,"2003-03-16","チョキ","パー","グー","チョキ","パー","チョキ",FALSE,FALSE,FALSE
595,"2003-03-23","チョキ","チョキ","パー","グー","チョキ","パー",FALSE,FALSE,FALSE
596,"2003-03-30","グー","チョキ","チョキ","パー","グー","チョキ",TRUE,FALSE,FALSE
597,"2003-04-06","チョキ","グー","チョキ","チョキ","パー","グー",TRUE,FALSE,FALSE
598,"2003-04-13","チョキ","チョキ","グー","チョキ","チョキ","パー",TRUE,FALSE,FALSE
599,"2003-04-20","パー","チョキ","チョキ","グー","チョキ","チョキ",TRUE,FALSE,FALSE
600,"2003-04-27","パー","パー","チョキ","チョキ","グー","チョキ",TRUE,FALSE,FALSE
601,"2003-05-04","グー","パー","パー","チョキ","チョキ","グー",TRUE,FALSE,FALSE
602,"2003-05-11","グー","グー","パー","パー","チョキ","チョキ",TRUE,FALSE,FALSE
603,"2003-05-18","グー","グー","グー","パー","パー","チョキ",TRUE,FALSE,FALSE
604,"2003-05-25","チョキ","グー","グー","グー","パー","パー",TRUE,TRUE,FALSE
605,"2003-06-01","パー","チョキ","グー","グー","グー","パー",TRUE,TRUE,FALSE
606,"2003-06-08","チョキ","パー","チョキ","グー","グー","グー",TRUE,TRUE,FALSE
607,"2003-06-15","パー","チョキ","パー","チョキ","グー","グー",TRUE,FALSE,FALSE
608,"2003-06-22","パー","パー","チョキ","パー","チョキ","グー",FALSE,FALSE,FALSE
609,"2003-06-29","グー","パー","パー","チョキ","パー","チョキ",TRUE,FALSE,FALSE
610,"2003-07-06","チョキ","グー","パー","パー","チョキ","パー",TRUE,FALSE,FALSE
611,"2003-07-13","グー","チョキ","グー","パー","パー","チョキ",TRUE,FALSE,FALSE
612,"2003-07-20","パー","グー","チョキ","グー","パー","パー",TRUE,FALSE,FALSE
613,"2003-07-27","パー","パー","グー","チョキ","グー","パー",FALSE,FALSE,FALSE
614,"2003-08-03","チョキ","パー","パー","グー","チョキ","グー",TRUE,FALSE,FALSE
615,"2003-08-10","パー","チョキ","パー","パー","グー","チョキ",TRUE,FALSE,FALSE
616,"2003-08-17","パー","パー","チョキ","パー","パー","グー",TRUE,FALSE,FALSE
617,"2003-08-24","パー","パー","パー","チョキ","パー","パー",TRUE,FALSE,FALSE
618,"2003-08-31","チョキ","パー","パー","パー","チョキ","パー",TRUE,TRUE,FALSE
619,"2003-09-07","グー","チョキ","パー","パー","パー","チョキ",TRUE,TRUE,FALSE
620,"2003-09-14","グー","グー","チョキ","パー","パー","パー",TRUE,TRUE,FALSE
621,"2003-09-21","グー","グー","グー","チョキ","パー","パー",TRUE,FALSE,FALSE
622,"2003-09-28","パー","グー","グー","グー","チョキ","パー",TRUE,TRUE,FALSE
623,"2003-10-05","チョキ","パー","グー","グー","グー","チョキ",TRUE,TRUE,FALSE
624,"2003-10-12","グー","チョキ","パー","グー","グー","グー",TRUE,TRUE,FALSE
625,"2003-10-19","パー","グー","チョキ","パー","グー","グー",TRUE,FALSE,FALSE
626,"2003-10-26","パー","パー","グー","チョキ","パー","グー",FALSE,FALSE,FALSE
627,"2003-11-02","チョキ","パー","パー","グー","チョキ","パー",TRUE,FALSE,FALSE
628,"2003-11-09","チョキ","チョキ","パー","パー","グー","チョキ",TRUE,FALSE,FALSE
630,"2003-11-23","グー","チョキ","チョキ","パー","パー","グー",TRUE,FALSE,FALSE
631,"2003-11-30","チョキ","グー","チョキ","チョキ","パー","パー",TRUE,FALSE,FALSE
632,"2003-12-07","パー","チョキ","グー","チョキ","チョキ","パー",TRUE,FALSE,FALSE
633,"2003-12-14","パー","パー","チョキ","グー","チョキ","チョキ",TRUE,FALSE,FALSE
634,"2003-12-21","グー","パー","パー","チョキ","グー","チョキ",TRUE,FALSE,FALSE
635,"2003-12-28","パー","グー","パー","パー","チョキ","グー",TRUE,FALSE,FALSE
636,"2004-01-04","チョキ","パー","グー","パー","パー","チョキ",TRUE,FALSE,FALSE
637,"2004-01-11","チョキ","チョキ","パー","グー","パー","パー",TRUE,FALSE,FALSE
638,"2004-01-18","パー","チョキ","チョキ","パー","グー","パー",TRUE,FALSE,FALSE
639,"2004-01-25","パー","パー","チョキ","チョキ","パー","グー",TRUE,FALSE,FALSE
640,"2004-02-01","チョキ","パー","パー","チョキ","チョキ","パー",TRUE,FALSE,FALSE
641,"2004-02-08","グー","チョキ","パー","パー","チョキ","チョキ",TRUE,FALSE,FALSE
642,"2004-02-15","チョキ","グー","チョキ","パー","パー","チョキ",TRUE,FALSE,FALSE
643,"2004-02-22","グー","チョキ","グー","チョキ","パー","パー",TRUE,FALSE,FALSE
644,"2004-02-29","グー","グー","チョキ","グー","チョキ","パー",FALSE,FALSE,FALSE
645,"2004-03-07","パー","グー","グー","チョキ","グー","チョキ",TRUE,FALSE,FALSE
646,"2004-03-14","パー","パー","グー","グー","チョキ","グー",TRUE,FALSE,FALSE
647,"2004-03-21","チョキ","パー","パー","グー","グー","チョキ",TRUE,FALSE,FALSE
648,"2004-03-28","パー","チョキ","パー","パー","グー","グー",TRUE,FALSE,FALSE
649,"2004-04-04","チョキ","パー","チョキ","パー","パー","グー",TRUE,FALSE,FALSE
650,"2004-04-11","チョキ","チョキ","パー","チョキ","パー","パー",TRUE,FALSE,FALSE
651,"2004-04-18","グー","チョキ","チョキ","パー","チョキ","パー",TRUE,FALSE,FALSE
652,"2004-04-25","パー","グー","チョキ","チョキ","パー","チョキ",TRUE,FALSE,FALSE
653,"2004-05-02","グー","パー","グー","チョキ","チョキ","パー",TRUE,FALSE,FALSE
654,"2004-05-09","チョキ","グー","パー","グー","チョキ","チョキ",TRUE,FALSE,FALSE
655,"2004-05-16","パー","チョキ","グー","パー","グー","チョキ",FALSE,FALSE,FALSE
656,"2004-05-23","グー","パー","チョキ","グー","パー","グー",FALSE,FALSE,FALSE
657,"2004-05-30","グー","グー","パー","チョキ","グー","パー",FALSE,FALSE,FALSE
658,"2004-06-06","チョキ","グー","グー","パー","チョキ","グー",TRUE,FALSE,FALSE
659,"2004-06-13","パー","チョキ","グー","グー","パー","チョキ",TRUE,FALSE,FALSE
660,"2004-06-20","グー","パー","チョキ","グー","グー","パー",TRUE,FALSE,FALSE
661,"2004-06-27","パー","グー","パー","チョキ","グー","グー",TRUE,FALSE,FALSE
662,"2004-07-04","チョキ","パー","グー","パー","チョキ","グー",FALSE,FALSE,FALSE
663,"2004-07-11","パー","チョキ","パー","グー","パー","チョキ",FALSE,FALSE,FALSE
664,"2004-07-18","パー","パー","チョキ","パー","グー","パー",FALSE,FALSE,FALSE
665,"2004-07-25","チョキ","パー","パー","チョキ","パー","グー",TRUE,FALSE,FALSE
666,"2004-08-01","グー","チョキ","パー","パー","チョキ","パー",TRUE,FALSE,FALSE
667,"2004-08-08","パー","グー","チョキ","パー","パー","チョキ",TRUE,FALSE,FALSE
669,"2004-08-22","グー","パー","グー","チョキ","パー","パー",TRUE,FALSE,FALSE
670,"2004-08-29","グー","グー","パー","グー","チョキ","パー",FALSE,FALSE,FALSE
671,"2004-09-05","チョキ","グー","グー","パー","グー","チョキ",TRUE,FALSE,FALSE
672,"2004-09-12","パー","チョキ","グー","グー","パー","グー",TRUE,FALSE,FALSE
673,"2004-09-19","グー","パー","チョキ","グー","グー","パー",TRUE,FALSE,FALSE
674,"2004-09-26","グー","グー","パー","チョキ","グー","グー",TRUE,FALSE,FALSE
675,"2004-10-03","チョキ","グー","グー","パー","チョキ","グー",TRUE,FALSE,FALSE
676,"2004-10-10","チョキ","チョキ","グー","グー","パー","チョキ",TRUE,FALSE,FALSE
679,"2004-10-31","パー","チョキ","チョキ","グー","グー","パー",TRUE,FALSE,FALSE
680,"2004-11-07","グー","パー","チョキ","チョキ","グー","グー",TRUE,FALSE,FALSE
681,"2004-11-14","グー","グー","パー","チョキ","チョキ","グー",TRUE,FALSE,FALSE
682,"2004-11-21","グー","グー","グー","パー","チョキ","チョキ",TRUE,FALSE,FALSE
683,"2004-11-28","グー","グー","グー","グー","パー","チョキ",TRUE,TRUE,FALSE
684,"2004-12-05","チョキ","グー","グー","グー","グー","パー",TRUE,TRUE,TRUE
685,"2004-12-12","パー","チョキ","グー","グー","グー","グー",TRUE,TRUE,TRUE
686,"2004-12-19","チョキ","パー","チョキ","グー","グー","グー",TRUE,TRUE,FALSE
687,"2004-12-26","グー","チョキ","パー","チョキ","グー","グー",TRUE,FALSE,FALSE
690,"2005-01-16","チョキ","グー","チョキ","パー","チョキ","グー",FALSE,FALSE,FALSE
691,"2005-01-23","パー","チョキ","グー","チョキ","パー","チョキ",FALSE,FALSE,FALSE
692,"2005-01-30","パー","パー","チョキ","グー","チョキ","パー",FALSE,FALSE,FALSE
693,"2005-02-06","チョキ","パー","パー","チョキ","グー","チョキ",TRUE,FALSE,FALSE
694,"2005-02-13","パー","チョキ","パー","パー","チョキ","グー",TRUE,FALSE,FALSE
695,"2005-02-20","グー","パー","チョキ","パー","パー","チョキ",TRUE,FALSE,FALSE
696,"2005-02-27","グー","グー","パー","チョキ","パー","パー",TRUE,FALSE,FALSE
697,"2005-03-06","パー","グー","グー","パー","チョキ","パー",TRUE,FALSE,FALSE
698,"2005-03-13","チョキ","パー","グー","グー","パー","チョキ",TRUE,FALSE,FALSE
699,"2005-03-20","パー","チョキ","パー","グー","グー","パー",TRUE,FALSE,FALSE
700,"2005-03-27","チョキ","パー","チョキ","パー","グー","グー",TRUE,FALSE,FALSE
701,"2005-04-03","チョキ","チョキ","パー","チョキ","パー","グー",FALSE,FALSE,FALSE
702,"2005-04-10","グー","チョキ","チョキ","パー","チョキ","パー",TRUE,FALSE,FALSE
703,"2005-04-17","パー","グー","チョキ","チョキ","パー","チョキ",TRUE,FALSE,FALSE
704,"2005-04-24","グー","パー","グー","チョキ","チョキ","パー",TRUE,FALSE,FALSE
705,"2005-05-01","チョキ","グー","パー","グー","チョキ","チョキ",TRUE,FALSE,FALSE
706,"2005-05-08","チョキ","チョキ","グー","パー","グー","チョキ",FALSE,FALSE,FALSE
707,"2005-05-15","グー","チョキ","チョキ","グー","パー","グー",TRUE,FALSE,FALSE
708,"2005-05-22","パー","グー","チョキ","チョキ","グー","パー",TRUE,FALSE,FALSE
709,"2005-05-29","パー","パー","グー","チョキ","チョキ","グー",TRUE,FALSE,FALSE
710,"2005-06-05","パー","パー","パー","グー","チョキ","チョキ",TRUE,FALSE,FALSE
711,"2005-06-12","グー","パー","パー","パー","グー","チョキ",TRUE,TRUE,FALSE
712,"2005-06-19","チョキ","グー","パー","パー","パー","グー",TRUE,TRUE,FALSE
713,"2005-06-26","グー","チョキ","グー","パー","パー","パー",TRUE,TRUE,FALSE
714,"2005-07-03","チョキ","グー","チョキ","グー","パー","パー",TRUE,FALSE,FALSE
715,"2005-07-10","グー","チョキ","グー","チョキ","グー","パー",FALSE,FALSE,FALSE
716,"2005-07-17","パー","グー","チョキ","グー","チョキ","グー",FALSE,FALSE,FALSE
717,"2005-07-24","チョキ","パー","グー","チョキ","グー","チョキ",FALSE,FALSE,FALSE
718,"2005-07-31","チョキ","チョキ","パー","グー","チョキ","グー",FALSE,FALSE,FALSE
719,"2005-08-07","パー","チョキ","チョキ","パー","グー","チョキ",TRUE,FALSE,FALSE
720,"2005-08-14","チョキ","パー","チョキ","チョキ","パー","グー",TRUE,FALSE,FALSE
721,"2005-08-21","チョキ","チョキ","パー","チョキ","チョキ","パー",TRUE,FALSE,FALSE
722,"2005-08-28","グー","チョキ","チョキ","パー","チョキ","チョキ",TRUE,FALSE,FALSE
723,"2005-09-04","グー","グー","チョキ","チョキ","パー","チョキ",TRUE,FALSE,FALSE
724,"2005-09-11","チョキ","グー","グー","チョキ","チョキ","パー",TRUE,FALSE,FALSE
725,"2005-09-18","パー","チョキ","グー","グー","チョキ","チョキ",TRUE,FALSE,FALSE
727,"2005-10-02","チョキ","パー","チョキ","グー","グー","チョキ",TRUE,FALSE,FALSE
728,"2005-10-09","グー","チョキ","パー","チョキ","グー","グー",TRUE,FALSE,FALSE
729,"2005-10-16","パー","グー","チョキ","パー","チョキ","グー",FALSE,FALSE,FALSE
730,"2005-10-23","チョキ","パー","グー","チョキ","パー","チョキ",FALSE,FALSE,FALSE
731,"2005-10-30","グー","チョキ","パー","グー","チョキ","パー",FALSE,FALSE,FALSE
732,"2005-11-06","パー","グー","チョキ","パー","グー","チョキ",FALSE,FALSE,FALSE
733,"2005-11-13","チョキ","パー","グー","チョキ","パー","グー",FALSE,FALSE,FALSE
734,"2005-11-20","パー","チョキ","パー","グー","チョキ","パー",FALSE,FALSE,FALSE
735,"2005-11-27","パー","パー","チョキ","パー","グー","チョキ",FALSE,FALSE,FALSE
736,"2005-12-04","グー","パー","パー","チョキ","パー","グー",TRUE,FALSE,FALSE
737,"2005-12-11","グー","グー","パー","パー","チョキ","パー",TRUE,FALSE,FALSE
738,"2005-12-18","チョキ","グー","グー","パー","パー","チョキ",TRUE,FALSE,FALSE
739,"2005-12-25","パー","チョキ","グー","グー","パー","パー",TRUE,FALSE,FALSE
741,"2006-01-08","チョキ","パー","チョキ","グー","グー","パー",TRUE,FALSE,FALSE
742,"2006-01-15","チョキ","チョキ","パー","チョキ","グー","グー",TRUE,FALSE,FALSE
743,"2006-01-22","グー","チョキ","チョキ","パー","チョキ","グー",TRUE,FALSE,FALSE
744,"2006-01-29","パー","グー","チョキ","チョキ","パー","チョキ",TRUE,FALSE,FALSE
745,"2006-02-05","チョキ","パー","グー","チョキ","チョキ","パー",TRUE,FALSE,FALSE
747,"2006-02-19","パー","チョキ","パー","グー","チョキ","チョキ",TRUE,FALSE,FALSE
748,"2006-02-26","グー","パー","チョキ","パー","グー","チョキ",FALSE,FALSE,FALSE
749,"2006-03-05","グー","グー","パー","チョキ","パー","グー",FALSE,FALSE,FALSE
750,"2006-03-12","グー","グー","グー","パー","チョキ","パー",TRUE,FALSE,FALSE
751,"2006-03-19","チョキ","グー","グー","グー","パー","チョキ",TRUE,TRUE,FALSE
752,"2006-03-26","パー","チョキ","グー","グー","グー","パー",TRUE,TRUE,FALSE
753,"2006-04-02","チョキ","パー","チョキ","グー","グー","グー",TRUE,TRUE,FALSE
754,"2006-04-09","パー","チョキ","パー","チョキ","グー","グー",TRUE,FALSE,FALSE
755,"2006-04-16","グー","パー","チョキ","パー","チョキ","グー",FALSE,FALSE,FALSE
756,"2006-04-23","パー","グー","パー","チョキ","パー","チョキ",FALSE,FALSE,FALSE
757,"2006-04-30","チョキ","パー","グー","パー","チョキ","パー",FALSE,FALSE,FALSE
758,"2006-05-07","パー","チョキ","パー","グー","パー","チョキ",FALSE,FALSE,FALSE
759,"2006-05-14","パー","パー","チョキ","パー","グー","パー",FALSE,FALSE,FALSE
760,"2006-05-21","チョキ","パー","パー","チョキ","パー","グー",TRUE,FALSE,FALSE
761,"2006-05-28","グー","チョキ","パー","パー","チョキ","パー",TRUE,FALSE,FALSE
762,"2006-06-04","チョキ","グー","チョキ","パー","パー","チョキ",TRUE,FALSE,FALSE
763,"2006-06-11","パー","チョキ","グー","チョキ","パー","パー",TRUE,FALSE,FALSE
764,"2006-06-18","パー","パー","チョキ","グー","チョキ","パー",FALSE,FALSE,FALSE
765,"2006-06-25","グー","パー","パー","チョキ","グー","チョキ",TRUE,FALSE,FALSE
766,"2006-07-02","チョキ","グー","パー","パー","チョキ","グー",TRUE,FALSE,FALSE
767,"2006-07-09","グー","チョキ","グー","パー","パー","チョキ",TRUE,FALSE,FALSE
768,"2006-07-16","チョキ","グー","チョキ","グー","パー","パー",TRUE,FALSE,FALSE
769,"2006-07-23","パー","チョキ","グー","チョキ","グー","パー",FALSE,FALSE,FALSE
770,"2006-07-30","チョキ","パー","チョキ","グー","チョキ","グー",FALSE,FALSE,FALSE
771,"2006-08-06","チョキ","チョキ","パー","チョキ","グー","チョキ",FALSE,FALSE,FALSE
772,"2006-08-13","パー","チョキ","チョキ","パー","チョキ","グー",TRUE,FALSE,FALSE
773,"2006-08-20","グー","パー","チョキ","チョキ","パー","チョキ",TRUE,FALSE,FALSE
774,"2006-08-27","パー","グー","パー","チョキ","チョキ","パー",TRUE,FALSE,FALSE
775,"2006-09-03","チョキ","パー","グー","パー","チョキ","チョキ",TRUE,FALSE,FALSE
776,"2006-09-10","パー","チョキ","パー","グー","パー","チョキ",FALSE,FALSE,FALSE
777,"2006-09-17","チョキ","パー","チョキ","パー","グー","パー",FALSE,FALSE,FALSE
778,"2006-09-24","チョキ","チョキ","パー","チョキ","パー","グー",FALSE,FALSE,FALSE
779,"2006-10-01","グー","チョキ","チョキ","パー","チョキ","パー",TRUE,FALSE,FALSE
780,"2006-10-08","パー","グー","チョキ","チョキ","パー","チョキ",TRUE,FALSE,FALSE
781,"2006-10-15","パー","パー","グー","チョキ","チョキ","パー",TRUE,FALSE,FALSE
783,"2006-10-29","グー","パー","パー","グー","チョキ","チョキ",TRUE,FALSE,FALSE
784,"2006-11-05","チョキ","グー","パー","パー","グー","チョキ",TRUE,FALSE,FALSE
785,"2006-11-12","グー","チョキ","グー","パー","パー","グー",TRUE,FALSE,FALSE
786,"2006-11-19","パー","グー","チョキ","グー","パー","パー",TRUE,FALSE,FALSE
787,"2006-11-26","グー","パー","グー","チョキ","グー","パー",FALSE,FALSE,FALSE
788,"2006-12-03","チョキ","グー","パー","グー","チョキ","グー",FALSE,FALSE,FALSE
789,"2006-12-10","グー","チョキ","グー","パー","グー","チョキ",FALSE,FALSE,FALSE
790,"2006-12-17","グー","グー","チョキ","グー","パー","グー",FALSE,FALSE,FALSE
791,"2006-12-24","パー","グー","グー","チョキ","グー","パー",TRUE,FALSE,FALSE
792,"2006-12-31","チョキ","パー","グー","グー","チョキ","グー",TRUE,FALSE,FALSE
793,"2007-01-07","チョキ","チョキ","パー","グー","グー","チョキ",TRUE,FALSE,FALSE
794,"2007-01-14","パー","チョキ","チョキ","パー","グー","グー",TRUE,FALSE,FALSE
795,"2007-01-21","グー","パー","チョキ","チョキ","パー","グー",TRUE,FALSE,FALSE
796,"2007-01-28","グー","グー","パー","チョキ","チョキ","パー",TRUE,FALSE,FALSE
797,"2007-02-04","チョキ","グー","グー","パー","チョキ","チョキ",TRUE,FALSE,FALSE
798,"2007-02-11","グー","チョキ","グー","グー","パー","チョキ",TRUE,FALSE,FALSE
799,"2007-02-18","チョキ","グー","チョキ","グー","グー","パー",TRUE,FALSE,FALSE
800,"2007-02-25","パー","チョキ","グー","チョキ","グー","グー",TRUE,FALSE,FALSE
801,"2007-03-04","チョキ","パー","チョキ","グー","チョキ","グー",FALSE,FALSE,FALSE
802,"2007-03-11","チョキ","チョキ","パー","チョキ","グー","チョキ",FALSE,FALSE,FALSE
803,"2007-03-18","グー","チョキ","チョキ","パー","チョキ","グー",TRUE,FALSE,FALSE
804,"2007-03-25","グー","グー","チョキ","チョキ","パー","チョキ",TRUE,FALSE,FALSE
805,"2007-04-01","チョキ","グー","グー","チョキ","チョキ","パー",TRUE,FALSE,FALSE
806,"2007-04-08","グー","チョキ","グー","グー","チョキ","チョキ",TRUE,FALSE,FALSE
807,"2007-04-15","パー","グー","チョキ","グー","グー","チョキ",TRUE,FALSE,FALSE
808,"2007-04-22","パー","パー","グー","チョキ","グー","グー",TRUE,FALSE,FALSE
809,"2007-04-29","チョキ","パー","パー","グー","チョキ","グー",TRUE,FALSE,FALSE
810,"2007-05-06","グー","チョキ","パー","パー","グー","チョキ",TRUE,FALSE,FALSE
811,"2007-05-13","グー","グー","チョキ","パー","パー","グー",TRUE,FALSE,FALSE
812,"2007-05-20","パー","グー","グー","チョキ","パー","パー",TRUE,FALSE,FALSE
813,"2007-05-27","パー","パー","グー","グー","チョキ","パー",TRUE,FALSE,FALSE
814,"2007-06-03","グー","パー","パー","グー","グー","チョキ",TRUE,FALSE,FALSE
815,"2007-06-10","チョキ","グー","パー","パー","グー","グー",TRUE,FALSE,FALSE
816,"2007-06-17","チョキ","チョキ","グー","パー","パー","グー",TRUE,FALSE,FALSE
817,"2007-06-24","グー","チョキ","チョキ","グー","パー","パー",TRUE,FALSE,FALSE
818,"2007-07-01","パー","グー","チョキ","チョキ","グー","パー",TRUE,FALSE,FALSE
819,"2007-07-08","グー","パー","グー","チョキ","チョキ","グー",TRUE,FALSE,FALSE
820,"2007-07-15","グー","グー","パー","グー","チョキ","チョキ",TRUE,FALSE,FALSE
821,"2007-07-22","チョキ","グー","グー","パー","グー","チョキ",TRUE,FALSE,FALSE
822,"2007-07-29","チョキ","チョキ","グー","グー","パー","グー",TRUE,FALSE,FALSE
823,"2007-08-05","パー","チョキ","チョキ","グー","グー","パー",TRUE,FALSE,FALSE
824,"2007-08-12","パー","パー","チョキ","チョキ","グー","グー",TRUE,FALSE,FALSE
825,"2007-08-19","チョキ","パー","パー","チョキ","チョキ","グー",TRUE,FALSE,FALSE
826,"2007-08-26","グー","チョキ","パー","パー","チョキ","チョキ",TRUE,FALSE,FALSE
827,"2007-09-02","パー","グー","チョキ","パー","パー","チョキ",TRUE,FALSE,FALSE
828,"2007-09-09","グー","パー","グー","チョキ","パー","パー",TRUE,FALSE,FALSE
829,"2007-09-16","チョキ","グー","パー","グー","チョキ","パー",FALSE,FALSE,FALSE
830,"2007-09-23","パー","チョキ","グー","パー","グー","チョキ",FALSE,FALSE,FALSE
831,"2007-09-30","チョキ","パー","チョキ","グー","パー","グー",FALSE,FALSE,FALSE
832,"2007-10-07","グー","チョキ","パー","チョキ","グー","パー",FALSE,FALSE,FALSE
833,"2007-10-14","グー","グー","チョキ","パー","チョキ","グー",FALSE,FALSE,FALSE
834,"2007-10-21","チョキ","グー","グー","チョキ","パー","チョキ",TRUE,FALSE,FALSE
835,"2007-10-28","パー","チョキ","グー","グー","チョキ","パー",TRUE,FALSE,FALSE
836,"2007-11-04","チョキ","パー","チョキ","グー","グー","チョキ",TRUE,FALSE,FALSE
837,"2007-11-11","パー","チョキ","パー","チョキ","グー","グー",TRUE,FALSE,FALSE
838,"2007-11-18","グー","パー","チョキ","パー","チョキ","グー",FALSE,FALSE,FALSE
839,"2007-11-25","パー","グー","パー","チョキ","パー","チョキ",FALSE,FALSE,FALSE
840,"2007-12-02","チョキ","パー","グー","パー","チョキ","パー",FALSE,FALSE,FALSE
841,"2007-12-09","チョキ","チョキ","パー","グー","パー","チョキ",FALSE,FALSE,FALSE
842,"2007-12-16","グー","チョキ","チョキ","パー","グー","パー",TRUE,FALSE,FALSE
843,"2007-12-23","グー","グー","チョキ","チョキ","パー","グー",TRUE,FALSE,FALSE
845,"2008-01-06","チョキ","グー","グー","チョキ","チョキ","パー",TRUE,FALSE,FALSE
846,"2008-01-13","パー","チョキ","グー","グー","チョキ","チョキ",TRUE,FALSE,FALSE
847,"2008-01-20","チョキ","パー","チョキ","グー","グー","チョキ",TRUE,FALSE,FALSE
848,"2008-01-27","グー","チョキ","パー","チョキ","グー","グー",TRUE,FALSE,FALSE
849,"2008-02-03","パー","グー","チョキ","パー","チョキ","グー",FALSE,FALSE,FALSE
850,"2008-02-10","チョキ","パー","グー","チョキ","パー","チョキ",FALSE,FALSE,FALSE
851,"2008-02-17","パー","チョキ","パー","グー","チョキ","パー",FALSE,FALSE,FALSE
852,"2008-02-24","チョキ","パー","チョキ","パー","グー","チョキ",FALSE,FALSE,FALSE
853,"2008-03-02","グー","チョキ","パー","チョキ","パー","グー",FALSE,FALSE,FALSE
854,"2008-03-09","パー","グー","チョキ","パー","チョキ","パー",FALSE,FALSE,FALSE
855,"2008-03-16","チョキ","パー","グー","チョキ","パー","チョキ",FALSE,FALSE,FALSE
856,"2008-03-23","パー","チョキ","パー","グー","チョキ","パー",FALSE,FALSE,FALSE
857,"2008-03-30","グー","パー","チョキ","パー","グー","チョキ",FALSE,FALSE,FALSE
858,"2008-04-06","グー","グー","パー","チョキ","パー","グー",FALSE,FALSE,FALSE
859,"2008-04-13","パー","グー","グー","パー","チョキ","パー",TRUE,FALSE,FALSE
860,"2008-04-20","チョキ","パー","グー","グー","パー","チョキ",TRUE,FALSE,FALSE
861,"2008-04-27","チョキ","チョキ","パー","グー","グー","パー",TRUE,FALSE,FALSE
862,"2008-05-04","グー","チョキ","チョキ","パー","グー","グー",TRUE,FALSE,FALSE
863,"2008-05-11","パー","グー","チョキ","チョキ","パー","グー",TRUE,FALSE,FALSE
864,"2008-05-18","チョキ","パー","グー","チョキ","チョキ","パー",TRUE,FALSE,FALSE
865,"2008-05-25","パー","チョキ","パー","グー","チョキ","チョキ",TRUE,FALSE,FALSE
866,"2008-06-01","チョキ","パー","チョキ","パー","グー","チョキ",FALSE,FALSE,FALSE
867,"2008-06-08","グー","チョキ","パー","チョキ","パー","グー",FALSE,FALSE,FALSE
868,"2008-06-15","チョキ","グー","チョキ","パー","チョキ","パー",FALSE,FALSE,FALSE
869,"2008-06-22","グー","チョキ","グー","チョキ","パー","チョキ",FALSE,FALSE,FALSE
870,"2008-06-29","パー","グー","チョキ","グー","チョキ","パー",FALSE,FALSE,FALSE
871,"2008-07-06","チョキ","パー","グー","チョキ","グー","チョキ",FALSE,FALSE,FALSE
872,"2008-07-13","グー","チョキ","パー","グー","チョキ","グー",FALSE,FALSE,FALSE
873,"2008-07-20","チョキ","グー","チョキ","パー","グー","チョキ",FALSE,FALSE,FALSE
874,"2008-07-27","パー","チョキ","グー","チョキ","パー","グー",FALSE,FALSE,FALSE
875,"2008-08-03","チョキ","パー","チョキ","グー","チョキ","パー",FALSE,FALSE,FALSE
877,"2008-08-17","グー","チョキ","パー","チョキ","グー","チョキ",FALSE,FALSE,FALSE
878,"2008-08-24","パー","グー","チョキ","パー","チョキ","グー",FALSE,FALSE,FALSE
879,"2008-08-31","チョキ","パー","グー","チョキ","パー","チョキ",FALSE,FALSE,FALSE
880,"2008-09-07","グー","チョキ","パー","グー","チョキ","パー",FALSE,FALSE,FALSE
881,"2008-09-14","チョキ","グー","チョキ","パー","グー","チョキ",FALSE,FALSE,FALSE
882,"2008-09-21","パー","チョキ","グー","チョキ","パー","グー",FALSE,FALSE,FALSE
883,"2008-09-28","グー","パー","チョキ","グー","チョキ","パー",FALSE,FALSE,FALSE
884,"2008-10-05","チョキ","グー","パー","チョキ","グー","チョキ",FALSE,FALSE,FALSE
885,"2008-10-12","グー","チョキ","グー","パー","チョキ","グー",FALSE,FALSE,FALSE
886,"2008-10-19","パー","グー","チョキ","グー","パー","チョキ",FALSE,FALSE,FALSE
887,"2008-10-26","パー","パー","グー","チョキ","グー","パー",FALSE,FALSE,FALSE
888,"2008-11-02","チョキ","パー","パー","グー","チョキ","グー",TRUE,FALSE,FALSE
889,"2008-11-09","チョキ","チョキ","パー","パー","グー","チョキ",TRUE,FALSE,FALSE
890,"2008-11-16","チョキ","チョキ","チョキ","パー","パー","グー",TRUE,FALSE,FALSE
891,"2008-11-23","パー","チョキ","チョキ","チョキ","パー","パー",TRUE,TRUE,FALSE
892,"2008-11-30","チョキ","パー","チョキ","チョキ","チョキ","パー",TRUE,TRUE,FALSE
893,"2008-12-07","グー","チョキ","パー","チョキ","チョキ","チョキ",TRUE,TRUE,FALSE
894,"2008-12-14","チョキ","グー","チョキ","パー","チョキ","チョキ",TRUE,FALSE,FALSE
895,"2008-12-21","パー","チョキ","グー","チョキ","パー","チョキ",FALSE,FALSE,FALSE
896,"2008-12-28","グー","パー","チョキ","グー","チョキ","パー",FALSE,FALSE,FALSE
897,"2009-01-04","チョキ","グー","パー","チョキ","グー","チョキ",FALSE,FALSE,FALSE
898,"2009-01-11","チョキ","チョキ","グー","パー","チョキ","グー",FALSE,FALSE,FALSE
899,"2009-01-18","パー","チョキ","チョキ","グー","パー","チョキ",TRUE,FALSE,FALSE
900,"2009-01-25","パー","パー","チョキ","チョキ","グー","パー",TRUE,FALSE,FALSE
901,"2009-02-01","グー","パー","パー","チョキ","チョキ","グー",TRUE,FALSE,FALSE
902,"2009-02-08","チョキ","グー","パー","パー","チョキ","チョキ",TRUE,FALSE,FALSE
903,"2009-02-15","グー","チョキ","グー","パー","パー","チョキ",TRUE,FALSE,FALSE
904,"2009-02-22","チョキ","グー","チョキ","グー","パー","パー",TRUE,FALSE,FALSE
905,"2009-03-01","パー","チョキ","グー","チョキ","グー","パー",FALSE,FALSE,FALSE
906,"2009-03-08","パー","パー","チョキ","グー","チョキ","グー",FALSE,FALSE,FALSE
907,"2009-03-15","グー","パー","パー","チョキ","グー","チョキ",TRUE,FALSE,FALSE
909,"2009-03-29","グー","グー","パー","パー","チョキ","グー",TRUE,FALSE,FALSE
910,"2009-04-05","チョキ","グー","グー","パー","パー","チョキ",TRUE,FALSE,FALSE
911,"2009-04-12","パー","チョキ","グー","グー","パー","パー",TRUE,FALSE,FALSE
912,"2009-04-19","グー","パー","チョキ","グー","グー","パー",TRUE,FALSE,FALSE
913,"2009-04-26","パー","グー","パー","チョキ","グー","グー",TRUE,FALSE,FALSE
914,"2009-05-03","パー","パー","グー","パー","チョキ","グー",FALSE,FALSE,FALSE
915,"2009-05-10","チョキ","パー","パー","グー","パー","チョキ",TRUE,FALSE,FALSE
916,"2009-05-17","グー","チョキ","パー","パー","グー","パー",TRUE,FALSE,FALSE
917,"2009-05-24","チョキ","グー","チョキ","パー","パー","グー",TRUE,FALSE,FALSE
918,"2009-05-31","パー","チョキ","グー","チョキ","パー","パー",TRUE,FALSE,FALSE
919,"2009-06-07","グー","パー","チョキ","グー","チョキ","パー",FALSE,FALSE,FALSE
920,"2009-06-14","グー","グー","パー","チョキ","グー","チョキ",FALSE,FALSE,FALSE
921,"2009-06-21","チョキ","グー","グー","パー","チョキ","グー",TRUE,FALSE,FALSE
922,"2009-06-28","パー","チョキ","グー","グー","パー","チョキ",TRUE,FALSE,FALSE
923,"2009-07-05","チョキ","パー","チョキ","グー","グー","パー",TRUE,FALSE,FALSE
924,"2009-07-12","パー","チョキ","パー","チョキ","グー","グー",TRUE,FALSE,FALSE
925,"2009-07-19","グー","パー","チョキ","パー","チョキ","グー",FALSE,FALSE,FALSE
926,"2009-07-26","チョキ","グー","パー","チョキ","パー","チョキ",FALSE,FALSE,FALSE
927,"2009-08-02","パー","チョキ","グー","パー","チョキ","パー",FALSE,FALSE,FALSE
928,"2009-08-09","グー","パー","チョキ","グー","パー","チョキ",FALSE,FALSE,FALSE
929,"2009-08-16","パー","グー","パー","チョキ","グー","パー",FALSE,FALSE,FALSE
930,"2009-08-23","パー","パー","グー","パー","チョキ","グー",FALSE,FALSE,FALSE
931,"2009-08-30","チョキ","パー","パー","グー","パー","チョキ",TRUE,FALSE,FALSE
932,"2009-09-06","グー","チョキ","パー","パー","グー","パー",TRUE,FALSE,FALSE
933,"2009-09-13","チョキ","グー","チョキ","パー","パー","グー",TRUE,FALSE,FALSE
934,"2009-09-20","パー","チョキ","グー","チョキ","パー","パー",TRUE,FALSE,FALSE
935,"2009-09-27","グー","パー","チョキ","グー","チョキ","パー",FALSE,FALSE,FALSE
936,"2009-10-04","チョキ","グー","パー","チョキ","グー","チョキ",FALSE,FALSE,FALSE
937,"2009-10-11","チョキ","チョキ","グー","パー","チョキ","グー",FALSE,FALSE,FALSE
938,"2009-10-18","パー","チョキ","チョキ","グー","パー","チョキ",TRUE,FALSE,FALSE
939,"2009-10-25","グー","パー","チョキ","チョキ","グー","パー",TRUE,FALSE,FALSE
941,"2009-11-08","チョキ","グー","パー","チョキ","チョキ","グー",TRUE,FALSE,FALSE
942,"2009-11-15","チョキ","チョキ","グー","パー","チョキ","チョキ",TRUE,FALSE,FALSE
943,"2009-11-22","パー","チョキ","チョキ","グー","パー","チョキ",TRUE,FALSE,FALSE
944,"2009-11-29","パー","パー","チョキ","チョキ","グー","パー",TRUE,FALSE,FALSE
945,"2009-12-06","グー","パー","パー","チョキ","チョキ","グー",TRUE,FALSE,FALSE
946,"2009-12-13","グー","グー","パー","パー","チョキ","チョキ",TRUE,FALSE,FALSE
947,"2009-12-20","チョキ","グー","グー","パー","パー","チョキ",TRUE,FALSE,FALSE
948,"2009-12-27","パー","チョキ","グー","グー","パー","パー",TRUE,FALSE,FALSE
950,"2010-01-10","チョキ","パー","チョキ","グー","グー","パー",TRUE,FALSE,FALSE
951,"2010-01-17","グー","チョキ","パー","チョキ","グー","グー",TRUE,FALSE,FALSE
952,"2010-01-24","パー","グー","チョキ","パー","チョキ","グー",FALSE,FALSE,FALSE
954,"2010-02-07","チョキ","パー","グー","チョキ","パー","チョキ",FALSE,FALSE,FALSE
955,"2010-02-14","グー","チョキ","パー","グー","チョキ","パー",FALSE,FALSE,FALSE
956,"2010-02-21","パー","グー","チョキ","パー","グー","チョキ",FALSE,FALSE,FALSE
957,"2010-02-28","パー","パー","グー","チョキ","パー","グー",FALSE,FALSE,FALSE
958,"2010-03-07","グー","パー","パー","グー","チョキ","パー",TRUE,FALSE,FALSE
959,"2010-03-14","チョキ","グー","パー","パー","グー","チョキ",TRUE,FALSE,FALSE
960,"2010-03-21","チョキ","チョキ","グー","パー","パー","グー",TRUE,FALSE,FALSE
961,"2010-03-28","パー","チョキ","チョキ","グー","パー","パー",TRUE,FALSE,FALSE
962,"2010-04-04","グー","パー","チョキ","チョキ","グー","パー",TRUE,FALSE,FALSE
963,"2010-04-11","グー","グー","パー","チョキ","チョキ","グー",TRUE,FALSE,FALSE
964,"2010-04-18","チョキ","グー","グー","パー","チョキ","チョキ",TRUE,FALSE,FALSE
965,"2010-04-25","パー","チョキ","グー","グー","パー","チョキ",TRUE,FALSE,FALSE
966,"2010-05-02","チョキ","パー","チョキ","グー","グー","パー",TRUE,FALSE,FALSE
967,"2010-05-09","パー","チョキ","パー","チョキ","グー","グー",TRUE,FALSE,FALSE
968,"2010-05-16","グー","パー","チョキ","パー","チョキ","グー",FALSE,FALSE,FALSE
969,"2010-05-23","パー","グー","パー","チョキ","パー","チョキ",FALSE,FALSE,FALSE
970,"2010-05-30","グー","パー","グー","パー","チョキ","パー",FALSE,FALSE,FALSE
971,"2010-06-06","チョキ","グー","パー","グー","パー","チョキ",FALSE,FALSE,FALSE
972,"2010-06-13","グー","チョキ","グー","パー","グー","パー",FALSE,FALSE,FALSE
973,"2010-06-20","チョキ","グー","チョキ","グー","パー","グー",FALSE,FALSE,FALSE
974,"2010-06-27","パー","チョキ","グー","チョキ","グー","パー",FALSE,FALSE,FALSE
975,"2010-07-04","チョキ","パー","チョキ","グー","チョキ","グー",FALSE,FALSE,FALSE
976,"2010-07-11","グー","チョキ","パー","チョキ","グー","チョキ",FALSE,FALSE,FALSE
977,"2010-07-18","パー","グー","チョキ","パー","チョキ","グー",FALSE,FALSE,FALSE
978,"2010-07-25","チョキ","パー","グー","チョキ","パー","チョキ",FALSE,FALSE,FALSE
979,"2010-08-01","パー","チョキ","パー","グー","チョキ","パー",FALSE,FALSE,FALSE
980,"2010-08-08","チョキ","パー","チョキ","パー","グー","チョキ",FALSE,FALSE,FALSE
981,"2010-08-15","グー","チョキ","パー","チョキ","パー","グー",FALSE,FALSE,FALSE
982,"2010-08-22","パー","グー","チョキ","パー","チョキ","パー",FALSE,FALSE,FALSE
983,"2010-08-29","チョキ","パー","グー","チョキ","パー","チョキ",FALSE,FALSE,FALSE
985,"2010-09-12","グー","チョキ","パー","グー","チョキ","パー",FALSE,FALSE,FALSE
986,"2010-09-19","グー","グー","チョキ","パー","グー","チョキ",FALSE,FALSE,FALSE
987,"2010-09-26","パー","グー","グー","チョキ","パー","グー",TRUE,FALSE,FALSE
988,"2010-10-03","チョキ","パー","グー","グー","チョキ","パー",TRUE,FALSE,FALSE
989,"2010-10-10","パー","チョキ","パー","グー","グー","チョキ",TRUE,FALSE,FALSE
990,"2010-10-17","パー","パー","チョキ","パー","グー","グー",TRUE,FALSE,FALSE
991,"2010-10-24","グー","パー","パー","チョキ","パー","グー",TRUE,FALSE,FALSE
992,"2010-10-31","チョキ","グー","パー","パー","チョキ","パー",TRUE,FALSE,FALSE
994,"2010-11-14","チョキ","チョキ","グー","パー","パー","チョキ",TRUE,FALSE,FALSE
995,"2010-11-21","パー","チョキ","チョキ","グー","パー","パー",TRUE,FALSE,FALSE
996,"2010-11-28","グー","パー","チョキ","チョキ","グー","パー",TRUE,FALSE,FALSE
997,"2010-12-05","グー","グー","パー","チョキ","チョキ","グー",TRUE,FALSE,FALSE
998,"2010-12-12","チョキ","グー","グー","パー","チョキ","チョキ",TRUE,FALSE,FALSE
999,"2010-12-19","パー","チョキ","グー","グー","パー","チョキ",TRUE,FALSE,FALSE
1000,"2010-12-26","パー","パー","チョキ","グー","グー","パー",TRUE,FALSE,FALSE
1001,"2011-01-02","チョキ","パー","パー","チョキ","グー","グー",TRUE,FALSE,FALSE
1002,"2011-01-09","グー","チョキ","パー","パー","チョキ","グー",TRUE,FALSE,FALSE
1003,"2011-01-16","パー","グー","チョキ","パー","パー","チョキ",TRUE,FALSE,FALSE
1004,"2011-01-23","パー","パー","グー","チョキ","パー","パー",TRUE,FALSE,FALSE
1005,"2011-01-30","グー","パー","パー","グー","チョキ","パー",TRUE,FALSE,FALSE
1006,"2011-02-06","チョキ","グー","パー","パー","グー","チョキ",TRUE,FALSE,FALSE
1007,"2011-02-13","グー","チョキ","グー","パー","パー","グー",TRUE,FALSE,FALSE
1008,"2011-02-20","パー","グー","チョキ","グー","パー","パー",TRUE,FALSE,FALSE
1009,"2011-02-27","チョキ","パー","グー","チョキ","グー","パー",FALSE,FALSE,FALSE
1010,"2011-03-06","グー","チョキ","パー","グー","チョキ","グー",FALSE,FALSE,FALSE
1012,"2011-03-20","パー","グー","チョキ","パー","グー","チョキ",FALSE,FALSE,FALSE
1013,"2011-03-27","グー","パー","グー","チョキ","パー","グー",FALSE,FALSE,FALSE
1014,"2011-04-03","チョキ","グー","パー","グー","チョキ","パー",FALSE,FALSE,FALSE
1015,"2011-04-10","チョキ","チョキ","グー","パー","グー","チョキ",FALSE,FALSE,FALSE
1016,"2011-04-17","パー","チョキ","チョキ","グー","パー","グー",TRUE,FALSE,FALSE
1017,"2011-04-24","グー","パー","チョキ","チョキ","グー","パー",TRUE,FALSE,FALSE
1018,"2011-05-01","チョキ","グー","パー","チョキ","チョキ","グー",TRUE,FALSE,FALSE
1019,"2011-05-08","パー","チョキ","グー","パー","チョキ","チョキ",TRUE,FALSE,FALSE
1020,"2011-05-15","パー","パー","チョキ","グー","パー","チョキ",FALSE,FALSE,FALSE
1021,"2011-05-22","グー","パー","パー","チョキ","グー","パー",TRUE,FALSE,FALSE
1022,"2011-05-29","グー","グー","パー","パー","チョキ","グー",TRUE,FALSE,FALSE
1023,"2011-06-05","チョキ","グー","グー","パー","パー","チョキ",TRUE,FALSE,FALSE
1024,"2011-06-12","パー","チョキ","グー","グー","パー","パー",TRUE,FALSE,FALSE
1025,"2011-06-19","パー","パー","チョキ","グー","グー","パー",TRUE,FALSE,FALSE
1026,"2011-06-26","グー","パー","パー","チョキ","グー","グー",TRUE,FALSE,FALSE
1027,"2011-07-03","チョキ","グー","パー","パー","チョキ","グー",TRUE,FALSE,FALSE
1028,"2011-07-10","グー","チョキ","グー","パー","パー","チョキ",TRUE,FALSE,FALSE
1029,"2011-07-17","パー","グー","チョキ","グー","パー","パー",TRUE,FALSE,FALSE
1030,"2011-07-24","チョキ","パー","グー","チョキ","グー","パー",FALSE,FALSE,FALSE
1031,"2011-07-31","グー","チョキ","パー","グー","チョキ","グー",FALSE,FALSE,FALSE
1032,"2011-08-07","チョキ","グー","チョキ","パー","グー","チョキ",FALSE,FALSE,FALSE
1033,"2011-08-14","グー","チョキ","グー","チョキ","パー","グー",FALSE,FALSE,FALSE
1034,"2011-08-21","パー","グー","チョキ","グー","チョキ","パー",FALSE,FALSE,FALSE
1035,"2011-08-28","パー","パー","グー","チョキ","グー","チョキ",FALSE,FALSE,FALSE
1036,"2011-09-04","チョキ","パー","パー","グー","チョキ","グー",TRUE,FALSE,FALSE
1037,"2011-09-11","グー","チョキ","パー","パー","グー","チョキ",TRUE,FALSE,FALSE
1038,"2011-09-18","パー","グー","チョキ","パー","パー","グー",TRUE,FALSE,FALSE
1039,"2011-09-25","グー","パー","グー","チョキ","パー","パー",TRUE,FALSE,FALSE
1040,"2011-10-02","チョキ","グー","パー","グー","チョキ","パー",FALSE,FALSE,FALSE
1041,"2011-10-09","グー","チョキ","グー","パー","グー","チョキ",FALSE,FALSE,FALSE
1042,"2011-10-16","チョキ","グー","チョキ","グー","パー","グー",FALSE,FALSE,FALSE
1043,"2011-10-23","パー","チョキ","グー","チョキ","グー","パー",FALSE,FALSE,FALSE
1044,"2011-10-30","グー","パー","チョキ","グー","チョキ","グー",FALSE,FALSE,FALSE
1045,"2011-11-06","グー","グー","パー","チョキ","グー","チョキ",FALSE,FALSE,FALSE
1046,"2011-11-13","チョキ","グー","グー","パー","チョキ","グー",TRUE,FALSE,FALSE
1047,"2011-11-20","パー","チョキ","グー","グー","パー","チョキ",TRUE,FALSE,FALSE
1048,"2011-11-27","パー","パー","チョキ","グー","グー","パー",TRUE,FALSE,FALSE
1049,"2011-12-04","チョキ","パー","パー","チョキ","グー","グー",TRUE,FALSE,FALSE
1050,"2011-12-11","グー","チョキ","パー","パー","チョキ","グー",TRUE,FALSE,FALSE
1051,"2011-12-18","パー","グー","チョキ","パー","パー","チョキ",TRUE,FALSE,FALSE
1052,"2011-12-25","パー","パー","グー","チョキ","パー","パー",TRUE,FALSE,FALSE
1054,"2012-01-08","チョキ","パー","パー","グー","チョキ","パー",TRUE,FALSE,FALSE
1055,"2012-01-15","グー","チョキ","パー","パー","グー","チョキ",TRUE,FALSE,FALSE
1056,"2012-01-22","グー","グー","チョキ","パー","パー","グー",TRUE,FALSE,FALSE
1057,"2012-01-29","チョキ","グー","グー","チョキ","パー","パー",TRUE,FALSE,FALSE
1058,"2012-02-05","パー","チョキ","グー","グー","チョキ","パー",TRUE,FALSE,FALSE
1060,"2012-02-19","パー","パー","チョキ","グー","グー","チョキ",TRUE,FALSE,FALSE
1061,"2012-02-26","グー","パー","パー","チョキ","グー","グー",TRUE,FALSE,FALSE
1062,"2012-03-04","チョキ","グー","パー","パー","チョキ","グー",TRUE,FALSE,FALSE
1063,"2012-03-11","グー","チョキ","グー","パー","パー","チョキ",TRUE,FALSE,FALSE
1064,"2012-03-18","パー","グー","チョキ","グー","パー","パー",TRUE,FALSE,FALSE
1065,"2012-03-25","パー","パー","グー","チョキ","グー","パー",FALSE,FALSE,FALSE
1066,"2012-04-01","チョキ","パー","パー","グー","チョキ","グー",TRUE,FALSE,FALSE
1067,"2012-04-08","グー","チョキ","パー","パー","グー","チョキ",TRUE,FALSE,FALSE
1068,"2012-04-15","パー","グー","チョキ","パー","パー","グー",TRUE,FALSE,FALSE
1069,"2012-04-22","パー","パー","グー","チョキ","パー","パー",TRUE,FALSE,FALSE
1070,"2012-04-29","チョキ","パー","パー","グー","チョキ","パー",TRUE,FALSE,FALSE
1071,"2012-05-06","グー","チョキ","パー","パー","グー","チョキ",TRUE,FALSE,FALSE
1072,"2012-05-13","チョキ","グー","チョキ","パー","パー","グー",TRUE,FALSE,FALSE
1073,"2012-05-20","パー","チョキ","グー","チョキ","パー","パー",TRUE,FALSE,FALSE
1074,"2012-05-27","グー","パー","チョキ","グー","チョキ","パー",FALSE,FALSE,FALSE
1075,"2012-06-03","パー","グー","パー","チョキ","グー","チョキ",FALSE,FALSE,FALSE
1076,"2012-06-10","チョキ","パー","グー","パー","チョキ","グー",FALSE,FALSE,FALSE
1077,"2012-06-17","グー","チョキ","パー","グー","パー","チョキ",FALSE,FALSE,FALSE
1078,"2012-06-24","パー","グー","チョキ","パー","グー","パー",FALSE,FALSE,FALSE
1079,"2012-07-01","チョキ","パー","グー","チョキ","パー","グー",FALSE,FALSE,FALSE
1080,"2012-07-08","パー","チョキ","パー","グー","チョキ","パー",FALSE,FALSE,FALSE
1081,"2012-07-15","チョキ","パー","チョキ","パー","グー","チョキ",FALSE,FALSE,FALSE
1082,"2012-07-22","チョキ","チョキ","パー","チョキ","パー","グー",FALSE,FALSE,FALSE
1083,"2012-07-29","グー","チョキ","チョキ","パー","チョキ","パー",TRUE,FALSE,FALSE
1085,"2012-08-12","グー","グー","チョキ","チョキ","パー","チョキ",TRUE,FALSE,FALSE
1086,"2012-08-19","パー","グー","グー","チョキ","チョキ","パー",TRUE,FALSE,FALSE
1087,"2012-08-26","パー","パー","グー","グー","チョキ","チョキ",TRUE,FALSE,FALSE
1088,"2012-09-02","チョキ","パー","パー","グー","グー","チョキ",TRUE,FALSE,FALSE
1089,"2012-09-09","グー","チョキ","パー","パー","グー","グー",TRUE,FALSE,FALSE
1090,"2012-09-16","パー","グー","チョキ","パー","パー","グー",TRUE,FALSE,FALSE
1091,"2012-09-23","パー","パー","グー","チョキ","パー","パー",TRUE,FALSE,FALSE
1092,"2012-09-30","グー","パー","パー","グー","チョキ","パー",TRUE,FALSE,FALSE
1093,"2012-10-07","チョキ","グー","パー","パー","グー","チョキ",TRUE,FALSE,FALSE
1094,"2012-10-14","チョキ","チョキ","グー","パー","パー","グー",TRUE,FALSE,FALSE
1095,"2012-10-21","パー","チョキ","チョキ","グー","パー","パー",TRUE,FALSE,FALSE
1096,"2012-10-28","グー","パー","チョキ","チョキ","グー","パー",TRUE,FALSE,FALSE
1097,"2012-11-04","グー","グー","パー","チョキ","チョキ","グー",TRUE,FALSE,FALSE
1098,"2012-11-11","パー","グー","グー","パー","チョキ","チョキ",TRUE,FALSE,FALSE
1099,"2012-11-18","チョキ","パー","グー","グー","パー","チョキ",TRUE,FALSE,FALSE
1100,"2012-11-25","パー","チョキ","パー","グー","グー","パー",TRUE,FALSE,FALSE
1101,"2012-12-02","チョキ","パー","チョキ","パー","グー","グー",TRUE,FALSE,FALSE
1102,"2012-12-09","グー","チョキ","パー","チョキ","パー","グー",FALSE,FALSE,FALSE
1104,"2012-12-23","チョキ","グー","チョキ","パー","チョキ","パー",FALSE,FALSE,FALSE
1105,"2012-12-30","パー","チョキ","グー","チョキ","パー","チョキ",FALSE,FALSE,FALSE
1106,"2013-01-06","チョキ","パー","チョキ","グー","チョキ","パー",FALSE,FALSE,FALSE
1107,"2013-01-13","グー","チョキ","パー","チョキ","グー","チョキ",FALSE,FALSE,FALSE
1108,"2013-01-20","グー","グー","チョキ","パー","チョキ","グー",FALSE,FALSE,FALSE
1109,"2013-01-27","パー","グー","グー","チョキ","パー","チョキ",TRUE,FALSE,FALSE
1110,"2013-02-03","チョキ","パー","グー","グー","チョキ","パー",TRUE,FALSE,FALSE
1111,"2013-02-10","グー","チョキ","パー","グー","グー","チョキ",TRUE,FALSE,FALSE
1112,"2013-02-17","パー","グー","チョキ","パー","グー","グー",TRUE,FALSE,FALSE
1113,"2013-02-24","パー","パー","グー","チョキ","パー","グー",FALSE,FALSE,FALSE
1114,"2013-03-03","チョキ","パー","パー","グー","チョキ","パー",TRUE,FALSE,FALSE
1115,"2013-03-10","グー","チョキ","パー","パー","グー","チョキ",TRUE,FALSE,FALSE
1116,"2013-03-17","チョキ","グー","チョキ","パー","パー","グー",TRUE,FALSE,FALSE
1117,"2013-03-24","グー","チョキ","グー","チョキ","パー","パー",TRUE,FALSE,FALSE
1118,"2013-03-31","パー","グー","チョキ","グー","チョキ","パー",FALSE,FALSE,FALSE
1119,"2013-04-07","チョキ","パー","グー","チョキ","グー","チョキ",FALSE,FALSE,FALSE
1120,"2013-04-14","パー","チョキ","パー","グー","チョキ","グー",FALSE,FALSE,FALSE
1121,"2013-04-21","チョキ","パー","チョキ","パー","グー","チョキ",FALSE,FALSE,FALSE
1122,"2013-04-28","パー","チョキ","パー","チョキ","パー","グー",FALSE,FALSE,FALSE
1123,"2013-05-05","パー","パー","チョキ","パー","チョキ","パー",FALSE,FALSE,FALSE
1124,"2013-05-12","チョキ","パー","パー","チョキ","パー","チョキ",TRUE,FALSE,FALSE
1125,"2013-05-19","グー","チョキ","パー","パー","チョキ","パー",TRUE,FALSE,FALSE
1126,"2013-05-26","グー","グー","チョキ","パー","パー","チョキ",TRUE,FALSE,FALSE
1127,"2013-06-02","チョキ","グー","グー","チョキ","パー","パー",TRUE,FALSE,FALSE
1128,"2013-06-09","パー","チョキ","グー","グー","チョキ","パー",TRUE,FALSE,FALSE
1129,"2013-06-16","グー","パー","チョキ","グー","グー","チョキ",TRUE,FALSE,FALSE
1130,"2013-06-23","チョキ","グー","パー","チョキ","グー","グー",TRUE,FALSE,FALSE
1131,"2013-06-30","パー","チョキ","グー","パー","チョキ","グー",FALSE,FALSE,FALSE
1132,"2013-07-07","チョキ","パー","チョキ","グー","パー","チョキ",FALSE,FALSE,FALSE
1133,"2013-07-14","パー","チョキ","パー","チョキ","グー","パー",FALSE,FALSE,FALSE
1134,"2013-07-21","グー","パー","チョキ","パー","チョキ","グー",FALSE,FALSE,FALSE
1135,"2013-07-28","グー","グー","パー","チョキ","パー","チョキ",FALSE,FALSE,FALSE
1136,"2013-08-04","チョキ","グー","グー","パー","チョキ","パー",TRUE,FALSE,FALSE
1137,"2013-08-11","パー","チョキ","グー","グー","パー","チョキ",TRUE,FALSE,FALSE
1139,"2013-08-25","パー","パー","チョキ","グー","グー","パー",TRUE,FALSE,FALSE
1140,"2013-09-01","チョキ","パー","パー","チョキ","グー","グー",TRUE,FALSE,FALSE
1141,"2013-09-08","グー","チョキ","パー","パー","チョキ","グー",TRUE,FALSE,FALSE
1142,"2013-09-15","チョキ","グー","チョキ","パー","パー","チョキ",TRUE,FALSE,FALSE
1143,"2013-09-22","パー","チョキ","グー","チョキ","パー","パー",TRUE,FALSE,FALSE
1144,"2013-09-29","パー","パー","チョキ","グー","チョキ","パー",FALSE,FALSE,FALSE
1145,"2013-10-06","チョキ","パー","パー","チョキ","グー","チョキ",TRUE,FALSE,FALSE
1146,"2013-10-13","グー","チョキ","パー","パー","チョキ","グー",TRUE,FALSE,FALSE
1147,"2013-10-20","グー","グー","チョキ","パー","パー","チョキ",TRUE,FALSE,FALSE
1148,"2013-10-27","パー","グー","グー","チョキ","パー","パー",TRUE,FALSE,FALSE
1149,"2013-11-03","チョキ","パー","グー","グー","チョキ","パー",TRUE,FALSE,FALSE
1150,"2013-11-10","チョキ","チョキ","パー","グー","グー","チョキ",TRUE,FALSE,FALSE
1151,"2013-11-17","パー","チョキ","チョキ","パー","グー","グー",TRUE,FALSE,FALSE
1152,"2013-11-24","グー","パー","チョキ","チョキ","パー","グー",TRUE,FALSE,FALSE
1153,"2013-12-01","チョキ","グー","パー","チョキ","チョキ","パー",TRUE,FALSE,FALSE
1154,"2013-12-08","パー","チョキ","グー","パー","チョキ","チョキ",TRUE,FALSE,FALSE
1155,"2013-12-15","パー","パー","チョキ","グー","パー","チョキ",FALSE,FALSE,FALSE
1156,"2013-12-22","チョキ","パー","パー","チョキ","グー","パー",TRUE,FALSE,FALSE
1158,"2014-01-05","チョキ","チョキ","パー","パー","チョキ","グー",TRUE,FALSE,FALSE
1159,"2014-01-12","グー","チョキ","チョキ","パー","パー","チョキ",TRUE,FALSE,FALSE
1160,"2014-01-19","パー","グー","チョキ","チョキ","パー","パー",TRUE,FALSE,FALSE
1161,"2014-01-26","グー","パー","グー","チョキ","チョキ","パー",TRUE,FALSE,FALSE
1162,"2014-02-02","チョキ","グー","パー","グー","チョキ","チョキ",TRUE,FALSE,FALSE
1163,"2014-02-09","パー","チョキ","グー","パー","グー","チョキ",FALSE,FALSE,FALSE
1164,"2014-02-16","チョキ","パー","チョキ","グー","パー","グー",FALSE,FALSE,FALSE
1165,"2014-02-23","グー","チョキ","パー","チョキ","グー","パー",FALSE,FALSE,FALSE
1166,"2014-03-02","グー","グー","チョキ","パー","チョキ","グー",FALSE,FALSE,FALSE
1167,"2014-03-09","パー","グー","グー","チョキ","パー","チョキ",TRUE,FALSE,FALSE
1168,"2014-03-16","チョキ","パー","グー","グー","チョキ","パー",TRUE,FALSE,FALSE
1169,"2014-03-23","パー","チョキ","パー","グー","グー","チョキ",TRUE,FALSE,FALSE
1170,"2014-03-30","グー","パー","チョキ","パー","グー","グー",TRUE,FALSE,FALSE
1171,"2014-04-06","チョキ","グー","パー","チョキ","パー","グー",FALSE,FALSE,FALSE
1172,"2014-04-13","グー","チョキ","グー","パー","チョキ","パー",FALSE,FALSE,FALSE
1173,"2014-04-20","グー","グー","チョキ","グー","パー","チョキ",FALSE,FALSE,FALSE
1174,"2014-04-27","パー","グー","グー","チョキ","グー","パー",TRUE,FALSE,FALSE
1175,"2014-05-04","チョキ","パー","グー","グー","チョキ","グー",TRUE,FALSE,FALSE
1176,"2014-05-11","パー","チョキ","パー","グー","グー","チョキ",TRUE,FALSE,FALSE
1177,"2014-05-18","グー","パー","チョキ","パー","グー","グー",TRUE,FALSE,FALSE
1178,"2014-05-25","パー","グー","パー","チョキ","パー","グー",FALSE,FALSE,FALSE
1179,"2014-06-01","チョキ","パー","グー","パー","チョキ","パー",FALSE,FALSE,FALSE
1180,"2014-06-08","パー","チョキ","パー","グー","パー","チョキ",FALSE,FALSE,FALSE
1181,"2014-06-15","グー","パー","チョキ","パー","グー","パー",FALSE,FALSE,FALSE
1182,"2014-06-22","チョキ","グー","パー","チョキ","パー","グー",FALSE,FALSE,FALSE
1183,"2014-06-29","パー","チョキ","グー","パー","チョキ","パー",FALSE,FALSE,FALSE
1184,"2014-07-06","チョキ","パー","チョキ","グー","パー","チョキ",FALSE,FALSE,FALSE
1185,"2014-07-13","グー","チョキ","パー","チョキ","グー","パー",FALSE,FALSE,FALSE
1186,"2014-07-20","チョキ","グー","チョキ","パー","チョキ","グー",FALSE,FALSE,FALSE
1187,"2014-07-27","チョキ","チョキ","グー","チョキ","パー","チョキ",FALSE,FALSE,FALSE
1188,"2014-08-03","パー","チョキ","チョキ","グー","チョキ","パー",TRUE,FALSE,FALSE
1189,"2014-08-10","グー","パー","チョキ","チョキ","グー","チョキ",TRUE,FALSE,FALSE
1190,"2014-08-17","パー","グー","パー","チョキ","チョキ","グー",TRUE,FALSE,FALSE
1191,"2014-08-24","チョキ","パー","グー","パー","チョキ","チョキ",TRUE,FALSE,FALSE
1192,"2014-08-31","パー","チョキ","パー","グー","パー","チョキ",FALSE,FALSE,FALSE
1193,"2014-09-07","グー","パー","チョキ","パー","グー","パー",FALSE,FALSE,FALSE
1194,"2014-09-14","チョキ","グー","パー","チョキ","パー","グー",FALSE,FALSE,FALSE
1195,"2014-09-21","パー","チョキ","グー","パー","チョキ","パー",FALSE,FALSE,FALSE
1196,"2014-09-28","パー","パー","チョキ","グー","パー","チョキ",FALSE,FALSE,FALSE
1197,"2014-10-05","チョキ","パー","パー","チョキ","グー","パー",TRUE,FALSE,FALSE
1198,"2014-10-12","グー","チョキ","パー","パー","チョキ","グー",TRUE,FALSE,FALSE
1199,"2014-10-19","グー","グー","チョキ","パー","パー","チョキ",TRUE,FALSE,FALSE
1200,"2014-10-26","チョキ","グー","グー","チョキ","パー","パー",TRUE,FALSE,FALSE
1201,"2014-11-02","パー","チョキ","グー","グー","チョキ","パー",TRUE,FALSE,FALSE
1202,"2014-11-09","グー","パー","チョキ","グー","グー","チョキ",TRUE,FALSE,FALSE
1203,"2014-11-16","パー","グー","パー","チョキ","グー","グー",TRUE,FALSE,FALSE
1204,"2014-11-23","チョキ","パー","グー","パー","チョキ","グー",FALSE,FALSE,FALSE
1205,"2014-11-30","グー","チョキ","パー","グー","パー","チョキ",FALSE,FALSE,FALSE
1206,"2014-12-07","チョキ","グー","チョキ","パー","グー","パー",FALSE,FALSE,FALSE
1208,"2014-12-21","パー","チョキ","グー","チョキ","パー","グー",FALSE,FALSE,FALSE
1209,"2014-12-28","グー","パー","チョキ","グー","チョキ","パー",FALSE,FALSE,FALSE
1210,"2015-01-04","チョキ","グー","パー","チョキ","グー","チョキ",FALSE,FALSE,FALSE
1211,"2015-01-11","チョキ","チョキ","グー","パー","チョキ","グー",FALSE,FALSE,FALSE
1212,"2015-01-18","グー","チョキ","チョキ","グー","パー","チョキ",TRUE,FALSE,FALSE
1214,"2015-02-01","パー","グー","チョキ","チョキ","グー","パー",TRUE,FALSE,FALSE
1215,"2015-02-08","パー","パー","グー","チョキ","チョキ","グー",TRUE,FALSE,FALSE
1216,"2015-02-15","チョキ","パー","パー","グー","チョキ","チョキ",TRUE,FALSE,FALSE
1217,"2015-02-22","グー","チョキ","パー","パー","グー","チョキ",TRUE,FALSE,FALSE
1218,"2015-03-01","チョキ","グー","チョキ","パー","パー","グー",TRUE,FALSE,FALSE
1219,"2015-03-08","パー","チョキ","グー","チョキ","パー","パー",TRUE,FALSE,FALSE
1220,"2015-03-15","グー","パー","チョキ","グー","チョキ","パー",FALSE,FALSE,FALSE
1221,"2015-03-22","チョキ","グー","パー","チョキ","グー","チョキ",FALSE,FALSE,FALSE
1222,"2015-03-29","グー","チョキ","グー","パー","チョキ","グー",FALSE,FALSE,FALSE
1223,"2015-04-05","チョキ","グー","チョキ","グー","パー","チョキ",FALSE,FALSE,FALSE
1224,"2015-04-12","パー","チョキ","グー","チョキ","グー","パー",FALSE,FALSE,FALSE
1225,"2015-04-19","グー","パー","チョキ","グー","チョキ","グー",FALSE,FALSE,FALSE
1226,"2015-04-26","グー","グー","パー","チョキ","グー","チョキ",FALSE,FALSE,FALSE
1227,"2015-05-03","チョキ","グー","グー","パー","チョキ","グー",TRUE,FALSE,FALSE
1228,"2015-05-10","パー","チョキ","グー","グー","パー","チョキ",TRUE,FALSE,FALSE
1229,"2015-05-17","グー","パー","チョキ","グー","グー","パー",TRUE,FALSE,FALSE
1230,"2015-05-24","パー","グー","パー","チョキ","グー","グー",TRUE,FALSE,FALSE
1231,"2015-05-31","チョキ","パー","グー","パー","チョキ","グー",FALSE,FALSE,FALSE
1232,"2015-06-07","グー","チョキ","パー","グー","パー","チョキ",FALSE,FALSE,FALSE
1233,"2015-06-14","チョキ","グー","チョキ","パー","グー","パー",FALSE,FALSE,FALSE
1234,"2015-06-21","パー","チョキ","グー","チョキ","パー","グー",FALSE,FALSE,FALSE
1235,"2015-06-28","パー","パー","チョキ","グー","チョキ","パー",FALSE,FALSE,FALSE
1236,"2015-07-05","チョキ","パー","パー","チョキ","グー","チョキ",TRUE,FALSE,FALSE
1237,"2015-07-12","グー","チョキ","パー","パー","チョキ","グー",TRUE,FALSE,FALSE
1238,"2015-07-19","チョキ","グー","チョキ","パー","パー","チョキ",TRUE,FALSE,FALSE
1239,"2015-07-26","チョキ","チョキ","グー","チョキ","パー","パー",TRUE,FALSE,FALSE
1240,"2015-08-02","パー","チョキ","チョキ","グー","チョキ","パー",TRUE,FALSE,FALSE
1241,"2015-08-09","グー","パー","チョキ","チョキ","グー","チョキ",TRUE,FALSE,FALSE
1242,"2015-08-16","グー","グー","パー","チョキ","チョキ","グー",TRUE,FALSE,FALSE
1243,"2015-08-23","パー","グー","グー","パー","チョキ","チョキ",TRUE,FALSE,FALSE
1244,"2015-08-30","チョキ","パー","グー","グー","パー","チョキ",TRUE,FALSE,FALSE
1245,"2015-09-06","グー","チョキ","パー","グー","グー","パー",TRUE,FALSE,FALSE
1246,"2015-09-13","チョキ","グー","チョキ","パー","グー","グー",TRUE,FALSE,FALSE
1247,"2015-09-20","パー","チョキ","グー","チョキ","パー","グー",FALSE,FALSE,FALSE
1248,"2015-09-27","グー","パー","チョキ","グー","チョキ","パー",FALSE,FALSE,FALSE
1249,"2015-10-04","チョキ","グー","パー","チョキ","グー","チョキ",FALSE,FALSE,FALSE
1250,"2015-10-11","unknown","チョキ","グー","パー","チョキ","グー",FALSE,FALSE,FALSE
